"image","reference_section","reference_screen_state","bil_route","candidate_flutter_files","baseline_screenshot","visual_discrepancy","bil_target_design","code_change_to_date","after_screenshot","test_evidence","mapping_status","scope_notes"
"IMG_9637.PNG","Dashboard","Today guided entry / coachmark (reference 1/2)","/dashboard","lib/features/dashboard/dashboard_page.dart","not available: no matching current-version native baseline screenshot","not audited — protected","No modifications allowed","no changes allowed","not available: Flutter screen capture not run","not verified: Flutter UI tests / image parity pending","محمي","protected_dashboard"
"IMG_9638.PNG","Dashboard","Today guided entry / coachmark (reference 2/2)","/dashboard","lib/features/dashboard/dashboard_page.dart","not available: no matching current-version native baseline screenshot","not audited — protected","No modifications allowed","no changes allowed","not available: Flutter screen capture not run","not verified: Flutter UI tests / image parity pending","محمي","protected_dashboard"
"IMG_9639.PNG","Food Search","Empty/starting search, keyboard and capture shortcuts","/daily-log","lib/features/daily_log/daily_log_meal_search.dart","not available: no matching current-version native baseline screenshot","Compared by reference contact sheet: original reference favors small type, neutral line icons, flat rows, restrained cards; actual BIL native baseline unavailable for direct parity.","BIL-owned soft native typography, fewer symbols, lighter separators/cards, responsive RTL/LTR without imitating reference brand","food search rows and icons reduced","not available: Flutter screen capture not run","not verified: Flutter UI tests / image parity pending","يحتاج تحسين","Visual reference only; functionality & data must remain real"
"IMG_9640.PNG","Food Search","No matches, empty state and instructional illustration","/daily-log","lib/features/daily_log/daily_log_meal_search.dart","not available: no matching current-version native baseline screenshot","Compared by reference contact sheet: original reference favors small type, neutral line icons, flat rows, restrained cards; actual BIL native baseline unavailable for direct parity.","BIL-owned soft native typography, fewer symbols, lighter separators/cards, responsive RTL/LTR without imitating reference brand","food search rows and icons reduced","not available: Flutter screen capture not run","not verified: Flutter UI tests / image parity pending","يحتاج تحسين","Visual reference only; functionality & data must remain real"
"IMG_9641.PNG","Food Search","Arabic search results and exact-match suggestions","/daily-log","lib/features/daily_log/daily_log_meal_search.dart","not available: no matching current-version native baseline screenshot","Compared by reference contact sheet: original reference favors small type, neutral line icons, flat rows, restrained cards; actual BIL native baseline unavailable for direct parity.","BIL-owned soft native typography, fewer symbols, lighter separators/cards, responsive RTL/LTR without imitating reference brand","food search rows and icons reduced","not available: Flutter screen capture not run","not verified: Flutter UI tests / image parity pending","يحتاج تحسين","Visual reference only; functionality & data must remain real"
"IMG_9642.PNG","Food Entry","Food selected with serving size and nutrient ring","/daily-log","lib/features/daily_log/daily_log_meal_entry.dart","not available: no matching current-version native baseline screenshot","Compared by reference contact sheet: original reference favors small type, neutral line icons, flat rows, restrained cards; actual BIL native baseline unavailable for direct parity.","BIL-owned soft native typography, fewer symbols, lighter separators/cards, responsive RTL/LTR without imitating reference brand","not yet implemented","not available: Flutter screen capture not run","not verified: Flutter UI tests / image parity pending","يحتاج تحسين","Visual reference only; functionality & data must remain real"
"IMG_9643.PNG","Food Entry","Meal picker and quantity editing","/daily-log","lib/features/daily_log/daily_log_meal_entry.dart","not available: no matching current-version native baseline screenshot","Compared by reference contact sheet: original reference favors small type, neutral line icons, flat rows, restrained cards; actual BIL native baseline unavailable for direct parity.","BIL-owned soft native typography, fewer symbols, lighter separators/cards, responsive RTL/LTR without imitating reference brand","not yet implemented","not available: Flutter screen capture not run","not verified: Flutter UI tests / image parity pending","يحتاج تحسين","Visual reference only; functionality & data must remain real"
"IMG_9644.PNG","Food Entry","Ready-to-log form with total macro preview","/daily-log","lib/features/daily_log/daily_log_meal_entry.dart","not available: no matching current-version native baseline screenshot","Compared by reference contact sheet: original reference favors small type, neutral line icons, flat rows, restrained cards; actual BIL native baseline unavailable for direct parity.","BIL-owned soft native typography, fewer symbols, lighter separators/cards, responsive RTL/LTR without imitating reference brand","not yet implemented","not available: Flutter screen capture not run","not verified: Flutter UI tests / image parity pending","يحتاج تحسين","Visual reference only; functionality & data must remain real"
"IMG_9645.PNG","Food Search","Recent foods and selection in meal context (reference 1/3)","/daily-log","lib/features/daily_log/daily_log_meal_search.dart","not available: no matching current-version native baseline screenshot","Compared by reference contact sheet: original reference favors small type, neutral line icons, flat rows, restrained cards; actual BIL native baseline unavailable for direct parity.","BIL-owned soft native typography, fewer symbols, lighter separators/cards, responsive RTL/LTR without imitating reference brand","food search rows and icons reduced","not available: Flutter screen capture not run","not verified: Flutter UI tests / image parity pending","يحتاج تحسين","Visual reference only; functionality & data must remain real"
"IMG_9646.PNG","Food Search","Recent foods and selection in meal context (reference 2/3)","/daily-log","lib/features/daily_log/daily_log_meal_search.dart","not available: no matching current-version native baseline screenshot","Compared by reference contact sheet: original reference favors small type, neutral line icons, flat rows, restrained cards; actual BIL native baseline unavailable for direct parity.","BIL-owned soft native typography, fewer symbols, lighter separators/cards, responsive RTL/LTR without imitating reference brand","food search rows and icons reduced","not available: Flutter screen capture not run","not verified: Flutter UI tests / image parity pending","يحتاج تحسين","Visual reference only; functionality & data must remain real"
"IMG_9647.PNG","Food Search","Recent foods and selection in meal context (reference 3/3)","/daily-log","lib/features/daily_log/daily_log_meal_search.dart","not available: no matching current-version native baseline screenshot","Compared by reference contact sheet: original reference favors small type, neutral line icons, flat rows, restrained cards; actual BIL native baseline unavailable for direct parity.","BIL-owned soft native typography, fewer symbols, lighter separators/cards, responsive RTL/LTR without imitating reference brand","food search rows and icons reduced","not available: Flutter screen capture not run","not verified: Flutter UI tests / image parity pending","يحتاج تحسين","Visual reference only; functionality & data must remain real"
"IMG_9648.PNG","Dashboard","Today calories and daily meal summary (reference 1/2)","/dashboard","lib/features/dashboard/dashboard_page.dart","not available: no matching current-version native baseline screenshot","not audited — protected","No modifications allowed","no changes allowed","not available: Flutter screen capture not run","not verified: Flutter UI tests / image parity pending","محمي","protected_dashboard"
"IMG_9649.PNG","Dashboard","Today calories and daily meal summary (reference 2/2)","/dashboard","lib/features/dashboard/dashboard_page.dart","not available: no matching current-version native baseline screenshot","not audited — protected","No modifications allowed","no changes allowed","not available: Flutter screen capture not run","not verified: Flutter UI tests / image parity pending","محمي","protected_dashboard"
"IMG_9650.PNG","Food Search","Meal-specific recent/search results (reference 1/3)","/daily-log","lib/features/daily_log/daily_log_meal_search.dart","not available: no matching current-version native baseline screenshot","Compared by reference contact sheet: original reference favors small type, neutral line icons, flat rows, restrained cards; actual BIL native baseline unavailable for direct parity.","BIL-owned soft native typography, fewer symbols, lighter separators/cards, responsive RTL/LTR without imitating reference brand","food search rows and icons reduced","not available: Flutter screen capture not run","not verified: Flutter UI tests / image parity pending","يحتاج تحسين","Visual reference only; functionality & data must remain real"
"IMG_9651.PNG","Food Search","Meal-specific recent/search results (reference 2/3)","/daily-log","lib/features/daily_log/daily_log_meal_search.dart","not available: no matching current-version native baseline screenshot","Compared by reference contact sheet: original reference favors small type, neutral line icons, flat rows, restrained cards; actual BIL native baseline unavailable for direct parity.","BIL-owned soft native typography, fewer symbols, lighter separators/cards, responsive RTL/LTR without imitating reference brand","food search rows and icons reduced","not available: Flutter screen capture not run","not verified: Flutter UI tests / image parity pending","يحتاج تحسين","Visual reference only; functionality & data must remain real"
"IMG_9652.PNG","Food Search","Meal-specific recent/search results (reference 3/3)","/daily-log","lib/features/daily_log/daily_log_meal_search.dart","not available: no matching current-version native baseline screenshot","Compared by reference contact sheet: original reference favors small type, neutral line icons, flat rows, restrained cards; actual BIL native baseline unavailable for direct parity.","BIL-owned soft native typography, fewer symbols, lighter separators/cards, responsive RTL/LTR without imitating reference brand","food search rows and icons reduced","not available: Flutter screen capture not run","not verified: Flutter UI tests / image parity pending","يحتاج تحسين","Visual reference only; functionality & data must remain real"
"IMG_9653.PNG","Dashboard","Today full overview and rating sheet (reference 1/1)","/dashboard","lib/features/dashboard/dashboard_page.dart","not available: no matching current-version native baseline screenshot","not audited — protected","No modifications allowed","no changes allowed","not available: Flutter screen capture not run","not verified: Flutter UI tests / image parity pending","محمي","protected_dashboard"
"IMG_9654.PNG","Progress","Charts overview, metric selector","/history","lib/features/history/progress_page.dart; lib/features/history/progress_page_components.dart","not available: no matching current-version native baseline screenshot","Compared by reference contact sheet: original reference favors small type, neutral line icons, flat rows, restrained cards; actual BIL native baseline unavailable for direct parity.","BIL-owned soft native typography, fewer symbols, lighter separators/cards, responsive RTL/LTR without imitating reference brand","progress and chart scope/selector polish","not available: Flutter screen capture not run","not verified: Flutter UI tests / image parity pending","يحتاج تحسين","Visual reference only; functionality & data must remain real"
"IMG_9655.PNG","Progress","Macros category overview and reports","/history","lib/features/history/progress_page.dart; lib/features/history/progress_page_components.dart","not available: no matching current-version native baseline screenshot","Compared by reference contact sheet: original reference favors small type, neutral line icons, flat rows, restrained cards; actual BIL native baseline unavailable for direct parity.","BIL-owned soft native typography, fewer symbols, lighter separators/cards, responsive RTL/LTR without imitating reference brand","progress and chart scope/selector polish","not available: Flutter screen capture not run","not verified: Flutter UI tests / image parity pending","يحتاج تحسين","Visual reference only; functionality & data must remain real"
"IMG_9656.PNG","Weekly Digest","Weekly digest food insights header","/weekly-report","lib/features/analytics/weekly_report_page.dart","not available: no matching current-version native baseline screenshot","Compared by reference contact sheet: original reference favors small type, neutral line icons, flat rows, restrained cards; actual BIL native baseline unavailable for direct parity.","BIL-owned soft native typography, fewer symbols, lighter separators/cards, responsive RTL/LTR without imitating reference brand","weekly report scoped theme","not available: Flutter screen capture not run","not verified: Flutter UI tests / image parity pending","يحتاج تحسين","Visual reference only; functionality & data must remain real"
"IMG_9657.PNG","Weekly Digest","Weekly digest habits and week-at-a-glance","/weekly-report","lib/features/analytics/weekly_report_page.dart","not available: no matching current-version native baseline screenshot","Compared by reference contact sheet: original reference favors small type, neutral line icons, flat rows, restrained cards; actual BIL native baseline unavailable for direct parity.","BIL-owned soft native typography, fewer symbols, lighter separators/cards, responsive RTL/LTR without imitating reference brand","weekly report scoped theme","not available: Flutter screen capture not run","not verified: Flutter UI tests / image parity pending","يحتاج تحسين","Visual reference only; functionality & data must remain real"
"IMG_9658.PNG","Weekly Digest","Weekly calorie summary and zero-state chart","/weekly-report","lib/features/analytics/weekly_report_page.dart","not available: no matching current-version native baseline screenshot","Compared by reference contact sheet: original reference favors small type, neutral line icons, flat rows, restrained cards; actual BIL native baseline unavailable for direct parity.","BIL-owned soft native typography, fewer symbols, lighter separators/cards, responsive RTL/LTR without imitating reference brand","weekly report scoped theme","not available: Flutter screen capture not run","not verified: Flutter UI tests / image parity pending","يحتاج تحسين","Visual reference only; functionality & data must remain real"
"IMG_9659.PNG","Weekly Digest","Weekly top foods and macros","/weekly-report","lib/features/analytics/weekly_report_page.dart","not available: no matching current-version native baseline screenshot","Compared by reference contact sheet: original reference favors small type, neutral line icons, flat rows, restrained cards; actual BIL native baseline unavailable for direct parity.","BIL-owned soft native typography, fewer symbols, lighter separators/cards, responsive RTL/LTR without imitating reference brand","weekly report scoped theme","not available: Flutter screen capture not run","not verified: Flutter UI tests / image parity pending","يحتاج تحسين","Visual reference only; functionality & data must remain real"
"IMG_9660.PNG","Weekly Digest","Exercise and steps charts","/weekly-report","lib/features/analytics/weekly_report_page.dart","not available: no matching current-version native baseline screenshot","Compared by reference contact sheet: original reference favors small type, neutral line icons, flat rows, restrained cards; actual BIL native baseline unavailable for direct parity.","BIL-owned soft native typography, fewer symbols, lighter separators/cards, responsive RTL/LTR without imitating reference brand","weekly report scoped theme","not available: Flutter screen capture not run","not verified: Flutter UI tests / image parity pending","يحتاج تحسين","Visual reference only; functionality & data must remain real"
"IMG_9661.PNG","Weekly Digest","Weekly at-a-glance summary","/weekly-report","lib/features/analytics/weekly_report_page.dart","not available: no matching current-version native baseline screenshot","Compared by reference contact sheet: original reference favors small type, neutral line icons, flat rows, restrained cards; actual BIL native baseline unavailable for direct parity.","BIL-owned soft native typography, fewer symbols, lighter separators/cards, responsive RTL/LTR without imitating reference brand","weekly report scoped theme","not available: Flutter screen capture not run","not verified: Flutter UI tests / image parity pending","يحتاج تحسين","Visual reference only; functionality & data must remain real"
"IMG_9662.PNG","Weekly Digest","Reports date-range overlay","/weekly-report","lib/features/analytics/weekly_report_page.dart","not available: no matching current-version native baseline screenshot","Compared by reference contact sheet: original reference favors small type, neutral line icons, flat rows, restrained cards; actual BIL native baseline unavailable for direct parity.","BIL-owned soft native typography, fewer symbols, lighter separators/cards, responsive RTL/LTR without imitating reference brand","weekly report scoped theme","not available: Flutter screen capture not run","not verified: Flutter UI tests / image parity pending","يحتاج تحسين","Visual reference only; functionality & data must remain real"
"IMG_9663.PNG","Nutrition","Calories pie with day navigation","/analytics/nutrition","lib/features/analytics/nutrition_analytics_page.dart","not available: no matching current-version native baseline screenshot","Compared by reference contact sheet: original reference favors small type, neutral line icons, flat rows, restrained cards; actual BIL native baseline unavailable for direct parity.","BIL-owned soft native typography, fewer symbols, lighter separators/cards, responsive RTL/LTR without imitating reference brand","not yet implemented","not available: Flutter screen capture not run","not verified: Flutter UI tests / image parity pending","يحتاج تحسين","Visual reference only; functionality & data must remain real"
"IMG_9664.PNG","Nutrition","Nutrients table, summary and goals","/analytics/nutrition","lib/features/analytics/nutrition_analytics_page.dart","not available: no matching current-version native baseline screenshot","Compared by reference contact sheet: original reference favors small type, neutral line icons, flat rows, restrained cards; actual BIL native baseline unavailable for direct parity.","BIL-owned soft native typography, fewer symbols, lighter separators/cards, responsive RTL/LTR without imitating reference brand","not yet implemented","not available: Flutter screen capture not run","not verified: Flutter UI tests / image parity pending","يحتاج تحسين","Visual reference only; functionality & data must remain real"
"IMG_9665.PNG","Nutrition","Nutrients table continued with minerals","/analytics/nutrition","lib/features/analytics/nutrition_analytics_page.dart","not available: no matching current-version native baseline screenshot","Compared by reference contact sheet: original reference favors small type, neutral line icons, flat rows, restrained cards; actual BIL native baseline unavailable for direct parity.","BIL-owned soft native typography, fewer symbols, lighter separators/cards, responsive RTL/LTR without imitating reference brand","not yet implemented","not available: Flutter screen capture not run","not verified: Flutter UI tests / image parity pending","يحتاج تحسين","Visual reference only; functionality & data must remain real"
"IMG_9666.PNG","Nutrition","Macro pie chart and premium food rankings","/analytics/nutrition","lib/features/analytics/nutrition_analytics_page.dart","not available: no matching current-version native baseline screenshot","Compared by reference contact sheet: original reference favors small type, neutral line icons, flat rows, restrained cards; actual BIL native baseline unavailable for direct parity.","BIL-owned soft native typography, fewer symbols, lighter separators/cards, responsive RTL/LTR without imitating reference brand","not yet implemented","not available: Flutter screen capture not run","not verified: Flutter UI tests / image parity pending","يحتاج تحسين","Visual reference only; functionality & data must remain real"
"IMG_9667.PNG","Data Export","Export information and Premium upsell (reference 1/1)","/settings/local-export","lib/features/settings/local_export_range_page.dart","not available: no matching current-version native baseline screenshot","Compared by reference contact sheet: original reference favors small type, neutral line icons, flat rows, restrained cards; actual BIL native baseline unavailable for direct parity.","BIL-owned soft native typography, fewer symbols, lighter separators/cards, responsive RTL/LTR without imitating reference brand","not yet implemented","not available: Flutter screen capture not run","not verified: Flutter UI tests / image parity pending","يحتاج تحسين","Visual reference only; functionality & data must remain real"
"IMG_9668.PNG","Measurements","Measurements weight time plot, entries","/history; /weight-history","lib/features/history/progress_page.dart; lib/features/history/history_page.dart","not available: no matching current-version native baseline screenshot","Compared by reference contact sheet: original reference favors small type, neutral line icons, flat rows, restrained cards; actual BIL native baseline unavailable for direct parity.","BIL-owned soft native typography, fewer symbols, lighter separators/cards, responsive RTL/LTR without imitating reference brand","progress and chart scope/selector polish","not available: Flutter screen capture not run","not verified: Flutter UI tests / image parity pending","يحتاج تحسين","Visual reference only; functionality & data must remain real"
"IMG_9669.PNG","Measurements","Measurements steps timeline","/history; /weight-history","lib/features/history/progress_page.dart; lib/features/history/history_page.dart","not available: no matching current-version native baseline screenshot","Compared by reference contact sheet: original reference favors small type, neutral line icons, flat rows, restrained cards; actual BIL native baseline unavailable for direct parity.","BIL-owned soft native typography, fewer symbols, lighter separators/cards, responsive RTL/LTR without imitating reference brand","progress and chart scope/selector polish","not available: Flutter screen capture not run","not verified: Flutter UI tests / image parity pending","يحتاج تحسين","Visual reference only; functionality & data must remain real"
"IMG_9670.PNG","Measurements","Hip measurements empty plot and add action","/history; /weight-history","lib/features/history/progress_page.dart; lib/features/history/history_page.dart","not available: no matching current-version native baseline screenshot","Compared by reference contact sheet: original reference favors small type, neutral line icons, flat rows, restrained cards; actual BIL native baseline unavailable for direct parity.","BIL-owned soft native typography, fewer symbols, lighter separators/cards, responsive RTL/LTR without imitating reference brand","progress and chart scope/selector polish","not available: Flutter screen capture not run","not verified: Flutter UI tests / image parity pending","يحتاج تحسين","Visual reference only; functionality & data must remain real"
"IMG_9671.PNG","Measurements","Time range picker bottom sheet","/history; /weight-history","lib/features/history/progress_page.dart; lib/features/history/history_page.dart","not available: no matching current-version native baseline screenshot","Compared by reference contact sheet: original reference favors small type, neutral line icons, flat rows, restrained cards; actual BIL native baseline unavailable for direct parity.","BIL-owned soft native typography, fewer symbols, lighter separators/cards, responsive RTL/LTR without imitating reference brand","progress and chart scope/selector polish","not available: Flutter screen capture not run","not verified: Flutter UI tests / image parity pending","يحتاج تحسين","Visual reference only; functionality & data must remain real"
"IMG_9672.PNG","More","More upper-half navigation","/settings","lib/features/settings/settings_page.dart","not available: no matching current-version native baseline screenshot","Compared by reference contact sheet: original reference favors small type, neutral line icons, flat rows, restrained cards; actual BIL native baseline unavailable for direct parity.","BIL-owned soft native typography, fewer symbols, lighter separators/cards, responsive RTL/LTR without imitating reference brand","More headings, sections and background refined","not available: Flutter screen capture not run","not verified: Flutter UI tests / image parity pending","يحتاج تحسين","Visual reference only; functionality & data must remain real"
"IMG_9673.PNG","More","More lower-half navigation","/settings","lib/features/settings/settings_page.dart","not available: no matching current-version native baseline screenshot","Compared by reference contact sheet: original reference favors small type, neutral line icons, flat rows, restrained cards; actual BIL native baseline unavailable for direct parity.","BIL-owned soft native typography, fewer symbols, lighter separators/cards, responsive RTL/LTR without imitating reference brand","More headings, sections and background refined","not available: Flutter screen capture not run","not verified: Flutter UI tests / image parity pending","يحتاج تحسين","Visual reference only; functionality & data must remain real"
"IMG_9674.PNG","Meal Scan","AI meal image scan introduction","/quick-add/meal-camera; /meal-image-guide","lib/features/daily_log/quick_add_meal_camera_page.dart; lib/features/nutrition/presentation/meal_image_guide_page.dart","not available: no matching current-version native baseline screenshot","Compared by reference contact sheet: original reference favors small type, neutral line icons, flat rows, restrained cards; actual BIL native baseline unavailable for direct parity.","BIL-owned soft native typography, fewer symbols, lighter separators/cards, responsive RTL/LTR without imitating reference brand","not yet implemented","not available: Flutter screen capture not run","not verified: Flutter UI tests / image parity pending","يحتاج تحسين","Visual reference only; functionality & data must remain real"
"IMG_9675.PNG","Meal Scan","Multiple foods selected from image","/quick-add/meal-camera; /meal-image-guide","lib/features/daily_log/quick_add_meal_camera_page.dart; lib/features/nutrition/presentation/meal_image_guide_page.dart","not available: no matching current-version native baseline screenshot","Compared by reference contact sheet: original reference favors small type, neutral line icons, flat rows, restrained cards; actual BIL native baseline unavailable for direct parity.","BIL-owned soft native typography, fewer symbols, lighter separators/cards, responsive RTL/LTR without imitating reference brand","not yet implemented","not available: Flutter screen capture not run","not verified: Flutter UI tests / image parity pending","يحتاج تحسين","Visual reference only; functionality & data must remain real"
"IMG_9676.PNG","Meal Scan","Search missing scan component","/quick-add/meal-camera; /meal-image-guide","lib/features/daily_log/quick_add_meal_camera_page.dart; lib/features/nutrition/presentation/meal_image_guide_page.dart","not available: no matching current-version native baseline screenshot","Compared by reference contact sheet: original reference favors small type, neutral line icons, flat rows, restrained cards; actual BIL native baseline unavailable for direct parity.","BIL-owned soft native typography, fewer symbols, lighter separators/cards, responsive RTL/LTR without imitating reference brand","not yet implemented","not available: Flutter screen capture not run","not verified: Flutter UI tests / image parity pending","يحتاج تحسين","Visual reference only; functionality & data must remain real"
"IMG_9677.PNG","Meal Scan","Review and log food from scan","/quick-add/meal-camera; /meal-image-guide","lib/features/daily_log/quick_add_meal_camera_page.dart; lib/features/nutrition/presentation/meal_image_guide_page.dart","not available: no matching current-version native baseline screenshot","Compared by reference contact sheet: original reference favors small type, neutral line icons, flat rows, restrained cards; actual BIL native baseline unavailable for direct parity.","BIL-owned soft native typography, fewer symbols, lighter separators/cards, responsive RTL/LTR without imitating reference brand","not yet implemented","not available: Flutter screen capture not run","not verified: Flutter UI tests / image parity pending","يحتاج تحسين","Visual reference only; functionality & data must remain real"
"IMG_9678.PNG","Commerce","Premium introductory trial offer","/plans","lib/features/commerce/presentation/bil_store_plans_page.dart","not available: no matching current-version native baseline screenshot","not audited — protected","No modifications allowed","no changes allowed","not available: Flutter screen capture not run","not verified: Flutter UI tests / image parity pending","محمي","protected_commerce"
"IMG_9679.PNG","Commerce","Subscription plan picker","/plans","lib/features/commerce/presentation/bil_store_plans_page.dart","not available: no matching current-version native baseline screenshot","not audited — protected","No modifications allowed","no changes allowed","not available: Flutter screen capture not run","not verified: Flutter UI tests / image parity pending","محمي","protected_commerce"
"IMG_9680.PNG","Commerce","Premium introductory trial variant","/plans","lib/features/commerce/presentation/bil_store_plans_page.dart","not available: no matching current-version native baseline screenshot","not audited — protected","No modifications allowed","no changes allowed","not available: Flutter screen capture not run","not verified: Flutter UI tests / image parity pending","محمي","protected_commerce"
"IMG_9681.PNG","Cardio","Exercise catalog, search, entry and keypad (reference 1/22)","/wellness/workouts/log","lib/features/wellness/presentation/wellness_tools_pages.dart","not available: no matching current-version native baseline screenshot","Compared by reference contact sheet: original reference favors small type, neutral line icons, flat rows, restrained cards; actual BIL native baseline unavailable for direct parity.","BIL-owned soft native typography, fewer symbols, lighter separators/cards, responsive RTL/LTR without imitating reference brand","not yet implemented","not available: Flutter screen capture not run","not verified: Flutter UI tests / image parity pending","يحتاج تحسين","Visual reference only; functionality & data must remain real"
"IMG_9682.PNG","Cardio","Exercise catalog, search, entry and keypad (reference 2/22)","/wellness/workouts/log","lib/features/wellness/presentation/wellness_tools_pages.dart","not available: no matching current-version native baseline screenshot","Compared by reference contact sheet: original reference favors small type, neutral line icons, flat rows, restrained cards; actual BIL native baseline unavailable for direct parity.","BIL-owned soft native typography, fewer symbols, lighter separators/cards, responsive RTL/LTR without imitating reference brand","not yet implemented","not available: Flutter screen capture not run","not verified: Flutter UI tests / image parity pending","يحتاج تحسين","Visual reference only; functionality & data must remain real"
"IMG_9683.PNG","Cardio","Exercise catalog, search, entry and keypad (reference 3/22)","/wellness/workouts/log","lib/features/wellness/presentation/wellness_tools_pages.dart","not available: no matching current-version native baseline screenshot","Compared by reference contact sheet: original reference favors small type, neutral line icons, flat rows, restrained cards; actual BIL native baseline unavailable for direct parity.","BIL-owned soft native typography, fewer symbols, lighter separators/cards, responsive RTL/LTR without imitating reference brand","not yet implemented","not available: Flutter screen capture not run","not verified: Flutter UI tests / image parity pending","يحتاج تحسين","Visual reference only; functionality & data must remain real"
"IMG_9684.PNG","Cardio","Exercise catalog, search, entry and keypad (reference 4/22)","/wellness/workouts/log","lib/features/wellness/presentation/wellness_tools_pages.dart","not available: no matching current-version native baseline screenshot","Compared by reference contact sheet: original reference favors small type, neutral line icons, flat rows, restrained cards; actual BIL native baseline unavailable for direct parity.","BIL-owned soft native typography, fewer symbols, lighter separators/cards, responsive RTL/LTR without imitating reference brand","not yet implemented","not available: Flutter screen capture not run","not verified: Flutter UI tests / image parity pending","يحتاج تحسين","Visual reference only; functionality & data must remain real"
"IMG_9685.PNG","Cardio","Exercise catalog, search, entry and keypad (reference 5/22)","/wellness/workouts/log","lib/features/wellness/presentation/wellness_tools_pages.dart","not available: no matching current-version native baseline screenshot","Compared by reference contact sheet: original reference favors small type, neutral line icons, flat rows, restrained cards; actual BIL native baseline unavailable for direct parity.","BIL-owned soft native typography, fewer symbols, lighter separators/cards, responsive RTL/LTR without imitating reference brand","not yet implemented","not available: Flutter screen capture not run","not verified: Flutter UI tests / image parity pending","يحتاج تحسين","Visual reference only; functionality & data must remain real"
"IMG_9686.PNG","Cardio","Exercise catalog, search, entry and keypad (reference 6/22)","/wellness/workouts/log","lib/features/wellness/presentation/wellness_tools_pages.dart","not available: no matching current-version native baseline screenshot","Compared by reference contact sheet: original reference favors small type, neutral line icons, flat rows, restrained cards; actual BIL native baseline unavailable for direct parity.","BIL-owned soft native typography, fewer symbols, lighter separators/cards, responsive RTL/LTR without imitating reference brand","not yet implemented","not available: Flutter screen capture not run","not verified: Flutter UI tests / image parity pending","يحتاج تحسين","Visual reference only; functionality & data must remain real"
"IMG_9687.PNG","Cardio","Exercise catalog, search, entry and keypad (reference 7/22)","/wellness/workouts/log","lib/features/wellness/presentation/wellness_tools_pages.dart","not available: no matching current-version native baseline screenshot","Compared by reference contact sheet: original reference favors small type, neutral line icons, flat rows, restrained cards; actual BIL native baseline unavailable for direct parity.","BIL-owned soft native typography, fewer symbols, lighter separators/cards, responsive RTL/LTR without imitating reference brand","not yet implemented","not available: Flutter screen capture not run","not verified: Flutter UI tests / image parity pending","يحتاج تحسين","Visual reference only; functionality & data must remain real"
"IMG_9688.PNG","Cardio","Exercise catalog, search, entry and keypad (reference 8/22)","/wellness/workouts/log","lib/features/wellness/presentation/wellness_tools_pages.dart","not available: no matching current-version native baseline screenshot","Compared by reference contact sheet: original reference favors small type, neutral line icons, flat rows, restrained cards; actual BIL native baseline unavailable for direct parity.","BIL-owned soft native typography, fewer symbols, lighter separators/cards, responsive RTL/LTR without imitating reference brand","not yet implemented","not available: Flutter screen capture not run","not verified: Flutter UI tests / image parity pending","يحتاج تحسين","Visual reference only; functionality & data must remain real"
"IMG_9689.PNG","Cardio","Exercise catalog, search, entry and keypad (reference 9/22)","/wellness/workouts/log","lib/features/wellness/presentation/wellness_tools_pages.dart","not available: no matching current-version native baseline screenshot","Compared by reference contact sheet: original reference favors small type, neutral line icons, flat rows, restrained cards; actual BIL native baseline unavailable for direct parity.","BIL-owned soft native typography, fewer symbols, lighter separators/cards, responsive RTL/LTR without imitating reference brand","not yet implemented","not available: Flutter screen capture not run","not verified: Flutter UI tests / image parity pending","يحتاج تحسين","Visual reference only; functionality & data must remain real"
"IMG_9690.PNG","Cardio","Exercise catalog, search, entry and keypad (reference 10/22)","/wellness/workouts/log","lib/features/wellness/presentation/wellness_tools_pages.dart","not available: no matching current-version native baseline screenshot","Compared by reference contact sheet: original reference favors small type, neutral line icons, flat rows, restrained cards; actual BIL native baseline unavailable for direct parity.","BIL-owned soft native typography, fewer symbols, lighter separators/cards, responsive RTL/LTR without imitating reference brand","not yet implemented","not available: Flutter screen capture not run","not verified: Flutter UI tests / image parity pending","يحتاج تحسين","Visual reference only; functionality & data must remain real"
"IMG_9691.PNG","Cardio","Exercise catalog, search, entry and keypad (reference 11/22)","/wellness/workouts/log","lib/features/wellness/presentation/wellness_tools_pages.dart","not available: no matching current-version native baseline screenshot","Compared by reference contact sheet: original reference favors small type, neutral line icons, flat rows, restrained cards; actual BIL native baseline unavailable for direct parity.","BIL-owned soft native typography, fewer symbols, lighter separators/cards, responsive RTL/LTR without imitating reference brand","not yet implemented","not available: Flutter screen capture not run","not verified: Flutter UI tests / image parity pending","يحتاج تحسين","Visual reference only; functionality & data must remain real"
"IMG_9692.PNG","Cardio","Exercise catalog, search, entry and keypad (reference 12/22)","/wellness/workouts/log","lib/features/wellness/presentation/wellness_tools_pages.dart","not available: no matching current-version native baseline screenshot","Compared by reference contact sheet: original reference favors small type, neutral line icons, flat rows, restrained cards; actual BIL native baseline unavailable for direct parity.","BIL-owned soft native typography, fewer symbols, lighter separators/cards, responsive RTL/LTR without imitating reference brand","not yet implemented","not available: Flutter screen capture not run","not verified: Flutter UI tests / image parity pending","يحتاج تحسين","Visual reference only; functionality & data must remain real"
"IMG_9693.PNG","Cardio","Exercise catalog, search, entry and keypad (reference 13/22)","/wellness/workouts/log","lib/features/wellness/presentation/wellness_tools_pages.dart","not available: no matching current-version native baseline screenshot","Compared by reference contact sheet: original reference favors small type, neutral line icons, flat rows, restrained cards; actual BIL native baseline unavailable for direct parity.","BIL-owned soft native typography, fewer symbols, lighter separators/cards, responsive RTL/LTR without imitating reference brand","not yet implemented","not available: Flutter screen capture not run","not verified: Flutter UI tests / image parity pending","يحتاج تحسين","Visual reference only; functionality & data must remain real"
"IMG_9694.PNG","Cardio","Exercise catalog, search, entry and keypad (reference 14/22)","/wellness/workouts/log","lib/features/wellness/presentation/wellness_tools_pages.dart","not available: no matching current-version native baseline screenshot","Compared by reference contact sheet: original reference favors small type, neutral line icons, flat rows, restrained cards; actual BIL native baseline unavailable for direct parity.","BIL-owned soft native typography, fewer symbols, lighter separators/cards, responsive RTL/LTR without imitating reference brand","not yet implemented","not available: Flutter screen capture not run","not verified: Flutter UI tests / image parity pending","يحتاج تحسين","Visual reference only; functionality & data must remain real"
"IMG_9695.PNG","Cardio","Exercise catalog, search, entry and keypad (reference 15/22)","/wellness/workouts/log","lib/features/wellness/presentation/wellness_tools_pages.dart","not available: no matching current-version native baseline screenshot","Compared by reference contact sheet: original reference favors small type, neutral line icons, flat rows, restrained cards; actual BIL native baseline unavailable for direct parity.","BIL-owned soft native typography, fewer symbols, lighter separators/cards, responsive RTL/LTR without imitating reference brand","not yet implemented","not available: Flutter screen capture not run","not verified: Flutter UI tests / image parity pending","يحتاج تحسين","Visual reference only; functionality & data must remain real"
"IMG_9696.PNG","Cardio","Exercise catalog, search, entry and keypad (reference 16/22)","/wellness/workouts/log","lib/features/wellness/presentation/wellness_tools_pages.dart","not available: no matching current-version native baseline screenshot","Compared by reference contact sheet: original reference favors small type, neutral line icons, flat rows, restrained cards; actual BIL native baseline unavailable for direct parity.","BIL-owned soft native typography, fewer symbols, lighter separators/cards, responsive RTL/LTR without imitating reference brand","not yet implemented","not available: Flutter screen capture not run","not verified: Flutter UI tests / image parity pending","يحتاج تحسين","Visual reference only; functionality & data must remain real"
"IMG_9697.PNG","Cardio","Exercise catalog, search, entry and keypad (reference 17/22)","/wellness/workouts/log","lib/features/wellness/presentation/wellness_tools_pages.dart","not available: no matching current-version native baseline screenshot","Compared by reference contact sheet: original reference favors small type, neutral line icons, flat rows, restrained cards; actual BIL native baseline unavailable for direct parity.","BIL-owned soft native typography, fewer symbols, lighter separators/cards, responsive RTL/LTR without imitating reference brand","not yet implemented","not available: Flutter screen capture not run","not verified: Flutter UI tests / image parity pending","يحتاج تحسين","Visual reference only; functionality & data must remain real"
"IMG_9698.PNG","Cardio","Exercise catalog, search, entry and keypad (reference 18/22)","/wellness/workouts/log","lib/features/wellness/presentation/wellness_tools_pages.dart","not available: no matching current-version native baseline screenshot","Compared by reference contact sheet: original reference favors small type, neutral line icons, flat rows, restrained cards; actual BIL native baseline unavailable for direct parity.","BIL-owned soft native typography, fewer symbols, lighter separators/cards, responsive RTL/LTR without imitating reference brand","not yet implemented","not available: Flutter screen capture not run","not verified: Flutter UI tests / image parity pending","يحتاج تحسين","Visual reference only; functionality & data must remain real"
"IMG_9699.PNG","Cardio","Exercise catalog, search, entry and keypad (reference 19/22)","/wellness/workouts/log","lib/features/wellness/presentation/wellness_tools_pages.dart","not available: no matching current-version native baseline screenshot","Compared by reference contact sheet: original reference favors small type, neutral line icons, flat rows, restrained cards; actual BIL native baseline unavailable for direct parity.","BIL-owned soft native typography, fewer symbols, lighter separators/cards, responsive RTL/LTR without imitating reference brand","not yet implemented","not available: Flutter screen capture not run","not verified: Flutter UI tests / image parity pending","يحتاج تحسين","Visual reference only; functionality & data must remain real"
"IMG_9700.PNG","Cardio","Exercise catalog, search, entry and keypad (reference 20/22)","/wellness/workouts/log","lib/features/wellness/presentation/wellness_tools_pages.dart","not available: no matching current-version native baseline screenshot","Compared by reference contact sheet: original reference favors small type, neutral line icons, flat rows, restrained cards; actual BIL native baseline unavailable for direct parity.","BIL-owned soft native typography, fewer symbols, lighter separators/cards, responsive RTL/LTR without imitating reference brand","not yet implemented","not available: Flutter screen capture not run","not verified: Flutter UI tests / image parity pending","يحتاج تحسين","Visual reference only; functionality & data must remain real"
"IMG_9701.PNG","Cardio","Exercise catalog, search, entry and keypad (reference 21/22)","/wellness/workouts/log","lib/features/wellness/presentation/wellness_tools_pages.dart","not available: no matching current-version native baseline screenshot","Compared by reference contact sheet: original reference favors small type, neutral line icons, flat rows, restrained cards; actual BIL native baseline unavailable for direct parity.","BIL-owned soft native typography, fewer symbols, lighter separators/cards, responsive RTL/LTR without imitating reference brand","not yet implemented","not available: Flutter screen capture not run","not verified: Flutter UI tests / image parity pending","يحتاج تحسين","Visual reference only; functionality & data must remain real"
"IMG_9702.PNG","Cardio","Exercise catalog, search, entry and keypad (reference 22/22)","/wellness/workouts/log","lib/features/wellness/presentation/wellness_tools_pages.dart","not available: no matching current-version native baseline screenshot","Compared by reference contact sheet: original reference favors small type, neutral line icons, flat rows, restrained cards; actual BIL native baseline unavailable for direct parity.","BIL-owned soft native typography, fewer symbols, lighter separators/cards, responsive RTL/LTR without imitating reference brand","not yet implemented","not available: Flutter screen capture not run","not verified: Flutter UI tests / image parity pending","يحتاج تحسين","Visual reference only; functionality & data must remain real"
"IMG_9703.PNG","Fasting","Fasting introduction","/wellness/fasting","lib/features/wellness/presentation/wellness_tools_pages.dart","not available: no matching current-version native baseline screenshot","Compared by reference contact sheet: original reference favors small type, neutral line icons, flat rows, restrained cards; actual BIL native baseline unavailable for direct parity.","BIL-owned soft native typography, fewer symbols, lighter separators/cards, responsive RTL/LTR without imitating reference brand","not yet implemented","not available: Flutter screen capture not run","not verified: Flutter UI tests / image parity pending","يحتاج تحسين","Visual reference only; functionality & data must remain real"
"IMG_9704.PNG","Sleep","Sleep tracking today state","/wellness/sleep","lib/features/wellness/presentation/wellness_tools_pages.dart","not available: no matching current-version native baseline screenshot","Compared by reference contact sheet: original reference favors small type, neutral line icons, flat rows, restrained cards; actual BIL native baseline unavailable for direct parity.","BIL-owned soft native typography, fewer symbols, lighter separators/cards, responsive RTL/LTR without imitating reference brand","not yet implemented","not available: Flutter screen capture not run","not verified: Flutter UI tests / image parity pending","يحتاج تحسين","Visual reference only; functionality & data must remain real"
"IMG_9705.PNG","Sleep","Sleep data plus premium factor preview","/wellness/sleep","lib/features/wellness/presentation/wellness_tools_pages.dart","not available: no matching current-version native baseline screenshot","Compared by reference contact sheet: original reference favors small type, neutral line icons, flat rows, restrained cards; actual BIL native baseline unavailable for direct parity.","BIL-owned soft native typography, fewer symbols, lighter separators/cards, responsive RTL/LTR without imitating reference brand","not yet implemented","not available: Flutter screen capture not run","not verified: Flutter UI tests / image parity pending","يحتاج تحسين","Visual reference only; functionality & data must remain real"
"IMG_9706.PNG","Sleep","Sleep factors details and premium overlay","/wellness/sleep","lib/features/wellness/presentation/wellness_tools_pages.dart","not available: no matching current-version native baseline screenshot","Compared by reference contact sheet: original reference favors small type, neutral line icons, flat rows, restrained cards; actual BIL native baseline unavailable for direct parity.","BIL-owned soft native typography, fewer symbols, lighter separators/cards, responsive RTL/LTR without imitating reference brand","not yet implemented","not available: Flutter screen capture not run","not verified: Flutter UI tests / image parity pending","يحتاج تحسين","Visual reference only; functionality & data must remain real"
"IMG_9707.PNG","Sleep","Sleep day food log overview","/wellness/sleep","lib/features/wellness/presentation/wellness_tools_pages.dart","not available: no matching current-version native baseline screenshot","Compared by reference contact sheet: original reference favors small type, neutral line icons, flat rows, restrained cards; actual BIL native baseline unavailable for direct parity.","BIL-owned soft native typography, fewer symbols, lighter separators/cards, responsive RTL/LTR without imitating reference brand","not yet implemented","not available: Flutter screen capture not run","not verified: Flutter UI tests / image parity pending","يحتاج تحسين","Visual reference only; functionality & data must remain real"
"IMG_9708.PNG","Sleep","Sleep today with additional foods","/wellness/sleep","lib/features/wellness/presentation/wellness_tools_pages.dart","not available: no matching current-version native baseline screenshot","Compared by reference contact sheet: original reference favors small type, neutral line icons, flat rows, restrained cards; actual BIL native baseline unavailable for direct parity.","BIL-owned soft native typography, fewer symbols, lighter separators/cards, responsive RTL/LTR without imitating reference brand","not yet implemented","not available: Flutter screen capture not run","not verified: Flutter UI tests / image parity pending","يحتاج تحسين","Visual reference only; functionality & data must remain real"
"IMG_9709.PNG","Recipes","Recipe discovery shelves","/wellness/recipes; /daily-log","lib/features/wellness/presentation/recipe_library_page.dart; lib/features/daily_log/daily_log_meal_entry.dart","not available: no matching current-version native baseline screenshot","Compared by reference contact sheet: original reference favors small type, neutral line icons, flat rows, restrained cards; actual BIL native baseline unavailable for direct parity.","BIL-owned soft native typography, fewer symbols, lighter separators/cards, responsive RTL/LTR without imitating reference brand","recipe library scoped theme","not available: Flutter screen capture not run","not verified: Flutter UI tests / image parity pending","يحتاج تحسين","Visual reference only; functionality & data must remain real"
"IMG_9710.PNG","Recipes","Recipe detail top with macro breakdown","/wellness/recipes; /daily-log","lib/features/wellness/presentation/recipe_library_page.dart; lib/features/daily_log/daily_log_meal_entry.dart","not available: no matching current-version native baseline screenshot","Compared by reference contact sheet: original reference favors small type, neutral line icons, flat rows, restrained cards; actual BIL native baseline unavailable for direct parity.","BIL-owned soft native typography, fewer symbols, lighter separators/cards, responsive RTL/LTR without imitating reference brand","recipe library scoped theme","not available: Flutter screen capture not run","not verified: Flutter UI tests / image parity pending","يحتاج تحسين","Visual reference only; functionality & data must remain real"
"IMG_9711.PNG","Recipes","Recipe ingredients & directions","/wellness/recipes; /daily-log","lib/features/wellness/presentation/recipe_library_page.dart; lib/features/daily_log/daily_log_meal_entry.dart","not available: no matching current-version native baseline screenshot","Compared by reference contact sheet: original reference favors small type, neutral line icons, flat rows, restrained cards; actual BIL native baseline unavailable for direct parity.","BIL-owned soft native typography, fewer symbols, lighter separators/cards, responsive RTL/LTR without imitating reference brand","recipe library scoped theme","not available: Flutter screen capture not run","not verified: Flutter UI tests / image parity pending","يحتاج تحسين","Visual reference only; functionality & data must remain real"
"IMG_9712.PNG","Recipes","Recipe adding serving count and macros","/wellness/recipes; /daily-log","lib/features/wellness/presentation/recipe_library_page.dart; lib/features/daily_log/daily_log_meal_entry.dart","not available: no matching current-version native baseline screenshot","Compared by reference contact sheet: original reference favors small type, neutral line icons, flat rows, restrained cards; actual BIL native baseline unavailable for direct parity.","BIL-owned soft native typography, fewer symbols, lighter separators/cards, responsive RTL/LTR without imitating reference brand","recipe library scoped theme","not available: Flutter screen capture not run","not verified: Flutter UI tests / image parity pending","يحتاج تحسين","Visual reference only; functionality & data must remain real"
"IMG_9713.PNG","Recipes","Recipe entry with calories/macros","/wellness/recipes; /daily-log","lib/features/wellness/presentation/recipe_library_page.dart; lib/features/daily_log/daily_log_meal_entry.dart","not available: no matching current-version native baseline screenshot","Compared by reference contact sheet: original reference favors small type, neutral line icons, flat rows, restrained cards; actual BIL native baseline unavailable for direct parity.","BIL-owned soft native typography, fewer symbols, lighter separators/cards, responsive RTL/LTR without imitating reference brand","recipe library scoped theme","not available: Flutter screen capture not run","not verified: Flutter UI tests / image parity pending","يحتاج تحسين","Visual reference only; functionality & data must remain real"
"IMG_9714.PNG","Recipes","Recipe detail long ingredients and directions","/wellness/recipes; /daily-log","lib/features/wellness/presentation/recipe_library_page.dart; lib/features/daily_log/daily_log_meal_entry.dart","not available: no matching current-version native baseline screenshot","Compared by reference contact sheet: original reference favors small type, neutral line icons, flat rows, restrained cards; actual BIL native baseline unavailable for direct parity.","BIL-owned soft native typography, fewer symbols, lighter separators/cards, responsive RTL/LTR without imitating reference brand","recipe library scoped theme","not available: Flutter screen capture not run","not verified: Flutter UI tests / image parity pending","يحتاج تحسين","Visual reference only; functionality & data must remain real"
"IMG_9715.PNG","Recipes","Recipe detail with image/ingredients","/wellness/recipes; /daily-log","lib/features/wellness/presentation/recipe_library_page.dart; lib/features/daily_log/daily_log_meal_entry.dart","not available: no matching current-version native baseline screenshot","Compared by reference contact sheet: original reference favors small type, neutral line icons, flat rows, restrained cards; actual BIL native baseline unavailable for direct parity.","BIL-owned soft native typography, fewer symbols, lighter separators/cards, responsive RTL/LTR without imitating reference brand","recipe library scoped theme","not available: Flutter screen capture not run","not verified: Flutter UI tests / image parity pending","يحتاج تحسين","Visual reference only; functionality & data must remain real"
"IMG_9716.PNG","Workouts","Workout explore suggested routines","/wellness/workouts/routines; /wellness/workouts/log","lib/features/wellness/presentation/bil_workout_routines_page.dart; lib/features/wellness/presentation/wellness_tools_pages.dart","not available: no matching current-version native baseline screenshot","Compared by reference contact sheet: original reference favors small type, neutral line icons, flat rows, restrained cards; actual BIL native baseline unavailable for direct parity.","BIL-owned soft native typography, fewer symbols, lighter separators/cards, responsive RTL/LTR without imitating reference brand","not yet implemented","not available: Flutter screen capture not run","not verified: Flutter UI tests / image parity pending","يحتاج تحسين","Visual reference only; functionality & data must remain real"
"IMG_9717.PNG","Workouts","Workout explore alternative routine","/wellness/workouts/routines; /wellness/workouts/log","lib/features/wellness/presentation/bil_workout_routines_page.dart; lib/features/wellness/presentation/wellness_tools_pages.dart","not available: no matching current-version native baseline screenshot","Compared by reference contact sheet: original reference favors small type, neutral line icons, flat rows, restrained cards; actual BIL native baseline unavailable for direct parity.","BIL-owned soft native typography, fewer symbols, lighter separators/cards, responsive RTL/LTR without imitating reference brand","not yet implemented","not available: Flutter screen capture not run","not verified: Flutter UI tests / image parity pending","يحتاج تحسين","Visual reference only; functionality & data must remain real"
"IMG_9718.PNG","Workouts","Routine media/detail","/wellness/workouts/routines; /wellness/workouts/log","lib/features/wellness/presentation/bil_workout_routines_page.dart; lib/features/wellness/presentation/wellness_tools_pages.dart","not available: no matching current-version native baseline screenshot","Compared by reference contact sheet: original reference favors small type, neutral line icons, flat rows, restrained cards; actual BIL native baseline unavailable for direct parity.","BIL-owned soft native typography, fewer symbols, lighter separators/cards, responsive RTL/LTR without imitating reference brand","not yet implemented","not available: Flutter screen capture not run","not verified: Flutter UI tests / image parity pending","يحتاج تحسين","Visual reference only; functionality & data must remain real"
"IMG_9719.PNG","Workouts","Routine exercise detail list","/wellness/workouts/routines; /wellness/workouts/log","lib/features/wellness/presentation/bil_workout_routines_page.dart; lib/features/wellness/presentation/wellness_tools_pages.dart","not available: no matching current-version native baseline screenshot","Compared by reference contact sheet: original reference favors small type, neutral line icons, flat rows, restrained cards; actual BIL native baseline unavailable for direct parity.","BIL-owned soft native typography, fewer symbols, lighter separators/cards, responsive RTL/LTR without imitating reference brand","not yet implemented","not available: Flutter screen capture not run","not verified: Flutter UI tests / image parity pending","يحتاج تحسين","Visual reference only; functionality & data must remain real"
"IMG_9720.PNG","Workouts","User routines and build CTA","/wellness/workouts/routines; /wellness/workouts/log","lib/features/wellness/presentation/bil_workout_routines_page.dart; lib/features/wellness/presentation/wellness_tools_pages.dart","not available: no matching current-version native baseline screenshot","Compared by reference contact sheet: original reference favors small type, neutral line icons, flat rows, restrained cards; actual BIL native baseline unavailable for direct parity.","BIL-owned soft native typography, fewer symbols, lighter separators/cards, responsive RTL/LTR without imitating reference brand","not yet implemented","not available: Flutter screen capture not run","not verified: Flutter UI tests / image parity pending","يحتاج تحسين","Visual reference only; functionality & data must remain real"
"IMG_9721.PNG","Workouts","Build routine empty state","/wellness/workouts/routines; /wellness/workouts/log","lib/features/wellness/presentation/bil_workout_routines_page.dart; lib/features/wellness/presentation/wellness_tools_pages.dart","not available: no matching current-version native baseline screenshot","Compared by reference contact sheet: original reference favors small type, neutral line icons, flat rows, restrained cards; actual BIL native baseline unavailable for direct parity.","BIL-owned soft native typography, fewer symbols, lighter separators/cards, responsive RTL/LTR without imitating reference brand","not yet implemented","not available: Flutter screen capture not run","not verified: Flutter UI tests / image parity pending","يحتاج تحسين","Visual reference only; functionality & data must remain real"
"IMG_9722.PNG","Workouts","Exercise picker within routine","/wellness/workouts/routines; /wellness/workouts/log","lib/features/wellness/presentation/bil_workout_routines_page.dart; lib/features/wellness/presentation/wellness_tools_pages.dart","not available: no matching current-version native baseline screenshot","Compared by reference contact sheet: original reference favors small type, neutral line icons, flat rows, restrained cards; actual BIL native baseline unavailable for direct parity.","BIL-owned soft native typography, fewer symbols, lighter separators/cards, responsive RTL/LTR without imitating reference brand","not yet implemented","not available: Flutter screen capture not run","not verified: Flutter UI tests / image parity pending","يحتاج تحسين","Visual reference only; functionality & data must remain real"
"IMG_9723.PNG","Workouts","Exercise set/reps planning","/wellness/workouts/routines; /wellness/workouts/log","lib/features/wellness/presentation/bil_workout_routines_page.dart; lib/features/wellness/presentation/wellness_tools_pages.dart","not available: no matching current-version native baseline screenshot","Compared by reference contact sheet: original reference favors small type, neutral line icons, flat rows, restrained cards; actual BIL native baseline unavailable for direct parity.","BIL-owned soft native typography, fewer symbols, lighter separators/cards, responsive RTL/LTR without imitating reference brand","not yet implemented","not available: Flutter screen capture not run","not verified: Flutter UI tests / image parity pending","يحتاج تحسين","Visual reference only; functionality & data must remain real"
"IMG_9724.PNG","Goals","Goals weight and nutrition section","/goals","lib/features/settings/reference_goals_page.dart","not available: no matching current-version native baseline screenshot","Compared by reference contact sheet: original reference favors small type, neutral line icons, flat rows, restrained cards; actual BIL native baseline unavailable for direct parity.","BIL-owned soft native typography, fewer symbols, lighter separators/cards, responsive RTL/LTR without imitating reference brand","not yet implemented","not available: Flutter screen capture not run","not verified: Flutter UI tests / image parity pending","يحتاج تحسين","Visual reference only; functionality & data must remain real"
"IMG_9725.PNG","Goals","Goals nutrition and fitness section","/goals","lib/features/settings/reference_goals_page.dart","not available: no matching current-version native baseline screenshot","Compared by reference contact sheet: original reference favors small type, neutral line icons, flat rows, restrained cards; actual BIL native baseline unavailable for direct parity.","BIL-owned soft native typography, fewer symbols, lighter separators/cards, responsive RTL/LTR without imitating reference brand","not yet implemented","not available: Flutter screen capture not run","not verified: Flutter UI tests / image parity pending","يحتاج تحسين","Visual reference only; functionality & data must remain real"
"IMG_9726.PNG","Measurements","No measurements empty state (reference 1/1)","/history","lib/features/history/progress_page.dart","not available: no matching current-version native baseline screenshot","Compared by reference contact sheet: original reference favors small type, neutral line icons, flat rows, restrained cards; actual BIL native baseline unavailable for direct parity.","BIL-owned soft native typography, fewer symbols, lighter separators/cards, responsive RTL/LTR without imitating reference brand","progress and chart scope/selector polish","not available: Flutter screen capture not run","not verified: Flutter UI tests / image parity pending","يحتاج تحسين","Visual reference only; functionality & data must remain real"
"IMG_9727.PNG","Weekly Digest","Food insights list (reference 1/1)","/weekly-report","lib/features/analytics/weekly_report_page.dart","not available: no matching current-version native baseline screenshot","Compared by reference contact sheet: original reference favors small type, neutral line icons, flat rows, restrained cards; actual BIL native baseline unavailable for direct parity.","BIL-owned soft native typography, fewer symbols, lighter separators/cards, responsive RTL/LTR without imitating reference brand","weekly report scoped theme","not available: Flutter screen capture not run","not verified: Flutter UI tests / image parity pending","يحتاج تحسين","Visual reference only; functionality & data must remain real"
"IMG_9728.PNG","Nutrition","Nutrient table, pie chart, calorie chart (reference 1/3)","/analytics/nutrition","lib/features/analytics/nutrition_analytics_page.dart","not available: no matching current-version native baseline screenshot","Compared by reference contact sheet: original reference favors small type, neutral line icons, flat rows, restrained cards; actual BIL native baseline unavailable for direct parity.","BIL-owned soft native typography, fewer symbols, lighter separators/cards, responsive RTL/LTR without imitating reference brand","not yet implemented","not available: Flutter screen capture not run","not verified: Flutter UI tests / image parity pending","يحتاج تحسين","Visual reference only; functionality & data must remain real"
"IMG_9729.PNG","Nutrition","Nutrient table, pie chart, calorie chart (reference 2/3)","/analytics/nutrition","lib/features/analytics/nutrition_analytics_page.dart","not available: no matching current-version native baseline screenshot","Compared by reference contact sheet: original reference favors small type, neutral line icons, flat rows, restrained cards; actual BIL native baseline unavailable for direct parity.","BIL-owned soft native typography, fewer symbols, lighter separators/cards, responsive RTL/LTR without imitating reference brand","not yet implemented","not available: Flutter screen capture not run","not verified: Flutter UI tests / image parity pending","يحتاج تحسين","Visual reference only; functionality & data must remain real"
"IMG_9730.PNG","Nutrition","Nutrient table, pie chart, calorie chart (reference 3/3)","/analytics/nutrition","lib/features/analytics/nutrition_analytics_page.dart","not available: no matching current-version native baseline screenshot","Compared by reference contact sheet: original reference favors small type, neutral line icons, flat rows, restrained cards; actual BIL native baseline unavailable for direct parity.","BIL-owned soft native typography, fewer symbols, lighter separators/cards, responsive RTL/LTR without imitating reference brand","not yet implemented","not available: Flutter screen capture not run","not verified: Flutter UI tests / image parity pending","يحتاج تحسين","Visual reference only; functionality & data must remain real"
"IMG_9731.PNG","Reminders","Reminders category toggle switches","/notification-settings","lib/features/notifications/presentation/notification_settings_page.dart","not available: no matching current-version native baseline screenshot","Compared by reference contact sheet: original reference favors small type, neutral line icons, flat rows, restrained cards; actual BIL native baseline unavailable for direct parity.","BIL-owned soft native typography, fewer symbols, lighter separators/cards, responsive RTL/LTR without imitating reference brand","More headings, sections and background refined","not available: Flutter screen capture not run","not verified: Flutter UI tests / image parity pending","يحتاج تحسين","Visual reference only; functionality & data must remain real"
"IMG_9732.PNG","Steps","Steps source options","/connected-health/steps; /connected-health/steps/history","lib/features/connected_health/steps_settings_page.dart; lib/features/connected_health/steps_history_page.dart","not available: no matching current-version native baseline screenshot","Compared by reference contact sheet: original reference favors small type, neutral line icons, flat rows, restrained cards; actual BIL native baseline unavailable for direct parity.","BIL-owned soft native typography, fewer symbols, lighter separators/cards, responsive RTL/LTR without imitating reference brand","More headings, sections and background refined","not available: Flutter screen capture not run","not verified: Flutter UI tests / image parity pending","يحتاج تحسين","Visual reference only; functionality & data must remain real"
"IMG_9733.PNG","Steps","Steps source with selected watch","/connected-health/steps; /connected-health/steps/history","lib/features/connected_health/steps_settings_page.dart; lib/features/connected_health/steps_history_page.dart","not available: no matching current-version native baseline screenshot","Compared by reference contact sheet: original reference favors small type, neutral line icons, flat rows, restrained cards; actual BIL native baseline unavailable for direct parity.","BIL-owned soft native typography, fewer symbols, lighter separators/cards, responsive RTL/LTR without imitating reference brand","More headings, sections and background refined","not available: Flutter screen capture not run","not verified: Flutter UI tests / image parity pending","يحتاج تحسين","Visual reference only; functionality & data must remain real"
"IMG_9734.PNG","Community","Community web hub / public posts (reference 1/2)","/community","lib/features/community/presentation/community_hub_page.dart","not available: no matching current-version native baseline screenshot","not audited — protected","No modifications allowed","no changes allowed","not available: Flutter screen capture not run","not verified: Flutter UI tests / image parity pending","محمي","protected_community"
"IMG_9735.PNG","Community","Community web hub / public posts (reference 2/2)","/community","lib/features/community/presentation/community_hub_page.dart","not available: no matching current-version native baseline screenshot","not audited — protected","No modifications allowed","no changes allowed","not available: Flutter screen capture not run","not verified: Flutter UI tests / image parity pending","محمي","protected_community"
"IMG_9736.PNG","Learn","Editorial articles and evidence education (reference 1/8)","/health-information-sources; /help","lib/features/settings/health_information_sources_page.dart; lib/features/settings/help_center_page.dart","not available: no matching current-version native baseline screenshot","Compared by reference contact sheet: original reference favors small type, neutral line icons, flat rows, restrained cards; actual BIL native baseline unavailable for direct parity.","BIL-owned soft native typography, fewer symbols, lighter separators/cards, responsive RTL/LTR without imitating reference brand","Help/FAQ rows simplified; scoped theme","not available: Flutter screen capture not run","not verified: Flutter UI tests / image parity pending","يحتاج تحسين","Visual reference only; functionality & data must remain real"
"IMG_9737.PNG","Learn","Editorial articles and evidence education (reference 2/8)","/health-information-sources; /help","lib/features/settings/health_information_sources_page.dart; lib/features/settings/help_center_page.dart","not available: no matching current-version native baseline screenshot","Compared by reference contact sheet: original reference favors small type, neutral line icons, flat rows, restrained cards; actual BIL native baseline unavailable for direct parity.","BIL-owned soft native typography, fewer symbols, lighter separators/cards, responsive RTL/LTR without imitating reference brand","Help/FAQ rows simplified; scoped theme","not available: Flutter screen capture not run","not verified: Flutter UI tests / image parity pending","يحتاج تحسين","Visual reference only; functionality & data must remain real"
"IMG_9738.PNG","Learn","Editorial articles and evidence education (reference 3/8)","/health-information-sources; /help","lib/features/settings/health_information_sources_page.dart; lib/features/settings/help_center_page.dart","not available: no matching current-version native baseline screenshot","Compared by reference contact sheet: original reference favors small type, neutral line icons, flat rows, restrained cards; actual BIL native baseline unavailable for direct parity.","BIL-owned soft native typography, fewer symbols, lighter separators/cards, responsive RTL/LTR without imitating reference brand","Help/FAQ rows simplified; scoped theme","not available: Flutter screen capture not run","not verified: Flutter UI tests / image parity pending","يحتاج تحسين","Visual reference only; functionality & data must remain real"
"IMG_9739.PNG","Learn","Editorial articles and evidence education (reference 4/8)","/health-information-sources; /help","lib/features/settings/health_information_sources_page.dart; lib/features/settings/help_center_page.dart","not available: no matching current-version native baseline screenshot","Compared by reference contact sheet: original reference favors small type, neutral line icons, flat rows, restrained cards; actual BIL native baseline unavailable for direct parity.","BIL-owned soft native typography, fewer symbols, lighter separators/cards, responsive RTL/LTR without imitating reference brand","Help/FAQ rows simplified; scoped theme","not available: Flutter screen capture not run","not verified: Flutter UI tests / image parity pending","يحتاج تحسين","Visual reference only; functionality & data must remain real"
"IMG_9740.PNG","Learn","Editorial articles and evidence education (reference 5/8)","/health-information-sources; /help","lib/features/settings/health_information_sources_page.dart; lib/features/settings/help_center_page.dart","not available: no matching current-version native baseline screenshot","Compared by reference contact sheet: original reference favors small type, neutral line icons, flat rows, restrained cards; actual BIL native baseline unavailable for direct parity.","BIL-owned soft native typography, fewer symbols, lighter separators/cards, responsive RTL/LTR without imitating reference brand","Help/FAQ rows simplified; scoped theme","not available: Flutter screen capture not run","not verified: Flutter UI tests / image parity pending","يحتاج تحسين","Visual reference only; functionality & data must remain real"
"IMG_9741.PNG","Learn","Editorial articles and evidence education (reference 6/8)","/health-information-sources; /help","lib/features/settings/health_information_sources_page.dart; lib/features/settings/help_center_page.dart","not available: no matching current-version native baseline screenshot","Compared by reference contact sheet: original reference favors small type, neutral line icons, flat rows, restrained cards; actual BIL native baseline unavailable for direct parity.","BIL-owned soft native typography, fewer symbols, lighter separators/cards, responsive RTL/LTR without imitating reference brand","Help/FAQ rows simplified; scoped theme","not available: Flutter screen capture not run","not verified: Flutter UI tests / image parity pending","يحتاج تحسين","Visual reference only; functionality & data must remain real"
"IMG_9742.PNG","Learn","Editorial articles and evidence education (reference 7/8)","/health-information-sources; /help","lib/features/settings/health_information_sources_page.dart; lib/features/settings/help_center_page.dart","not available: no matching current-version native baseline screenshot","Compared by reference contact sheet: original reference favors small type, neutral line icons, flat rows, restrained cards; actual BIL native baseline unavailable for direct parity.","BIL-owned soft native typography, fewer symbols, lighter separators/cards, responsive RTL/LTR without imitating reference brand","Help/FAQ rows simplified; scoped theme","not available: Flutter screen capture not run","not verified: Flutter UI tests / image parity pending","يحتاج تحسين","Visual reference only; functionality & data must remain real"
"IMG_9743.PNG","Learn","Editorial articles and evidence education (reference 8/8)","/health-information-sources; /help","lib/features/settings/health_information_sources_page.dart; lib/features/settings/help_center_page.dart","not available: no matching current-version native baseline screenshot","Compared by reference contact sheet: original reference favors small type, neutral line icons, flat rows, restrained cards; actual BIL native baseline unavailable for direct parity.","BIL-owned soft native typography, fewer symbols, lighter separators/cards, responsive RTL/LTR without imitating reference brand","Help/FAQ rows simplified; scoped theme","not available: Flutter screen capture not run","not verified: Flutter UI tests / image parity pending","يحتاج تحسين","Visual reference only; functionality & data must remain real"
"IMG_9744.PNG","Community","Friends list empty","/community/people; /community/messages","lib/features/community/presentation/community_people_page.dart; lib/features/community/presentation/community_messages_page.dart","not available: no matching current-version native baseline screenshot","not audited — protected","No modifications allowed","no changes allowed","not available: Flutter screen capture not run","not verified: Flutter UI tests / image parity pending","محمي","protected_community"
"IMG_9745.PNG","Community","Friend requests empty","/community/people; /community/messages","lib/features/community/presentation/community_people_page.dart; lib/features/community/presentation/community_messages_page.dart","not available: no matching current-version native baseline screenshot","not audited — protected","No modifications allowed","no changes allowed","not available: Flutter screen capture not run","not verified: Flutter UI tests / image parity pending","محمي","protected_community"
"IMG_9746.PNG","Community","Add friends choices","/community/people; /community/messages","lib/features/community/presentation/community_people_page.dart; lib/features/community/presentation/community_messages_page.dart","not available: no matching current-version native baseline screenshot","not audited — protected","No modifications allowed","no changes allowed","not available: Flutter screen capture not run","not verified: Flutter UI tests / image parity pending","محمي","protected_community"
"IMG_9747.PNG","Community","Community onboarding message","/community/people; /community/messages","lib/features/community/presentation/community_people_page.dart; lib/features/community/presentation/community_messages_page.dart","not available: no matching current-version native baseline screenshot","not audited — protected","No modifications allowed","no changes allowed","not available: Flutter screen capture not run","not verified: Flutter UI tests / image parity pending","محمي","protected_community"
"IMG_9748.PNG","Community","Message inbox","/community/people; /community/messages","lib/features/community/presentation/community_people_page.dart; lib/features/community/presentation/community_messages_page.dart","not available: no matching current-version native baseline screenshot","not audited — protected","No modifications allowed","no changes allowed","not available: Flutter screen capture not run","not verified: Flutter UI tests / image parity pending","محمي","protected_community"
"IMG_9749.PNG","Community","Sent messages empty","/community/people; /community/messages","lib/features/community/presentation/community_people_page.dart; lib/features/community/presentation/community_messages_page.dart","not available: no matching current-version native baseline screenshot","not audited — protected","No modifications allowed","no changes allowed","not available: Flutter screen capture not run","not verified: Flutter UI tests / image parity pending","محمي","protected_community"
"IMG_9750.PNG","Settings","Settings home","/settings/preferences","lib/features/settings/reference_settings_home_page.dart","not available: no matching current-version native baseline screenshot","Compared by reference contact sheet: original reference favors small type, neutral line icons, flat rows, restrained cards; actual BIL native baseline unavailable for direct parity.","BIL-owned soft native typography, fewer symbols, lighter separators/cards, responsive RTL/LTR without imitating reference brand","settings pictograms removed and spacing simplified","not available: Flutter screen capture not run","not verified: Flutter UI tests / image parity pending","يحتاج تحسين","Visual reference only; functionality & data must remain real"
"IMG_9751.PNG","Appearance","System/default/light/dark options","/settings/appearance","lib/features/settings/reference_preferences_pages.dart","not available: no matching current-version native baseline screenshot","Compared by reference contact sheet: original reference favors small type, neutral line icons, flat rows, restrained cards; actual BIL native baseline unavailable for direct parity.","BIL-owned soft native typography, fewer symbols, lighter separators/cards, responsive RTL/LTR without imitating reference brand","not yet implemented","not available: Flutter screen capture not run","not verified: Flutter UI tests / image parity pending","يحتاج تحسين","Visual reference only; functionality & data must remain real"
"IMG_9752.PNG","Preferences","Weekly-start day chooser","/settings/diary","lib/features/settings/reference_preferences_pages.dart","not available: no matching current-version native baseline screenshot","Compared by reference contact sheet: original reference favors small type, neutral line icons, flat rows, restrained cards; actual BIL native baseline unavailable for direct parity.","BIL-owned soft native typography, fewer symbols, lighter separators/cards, responsive RTL/LTR without imitating reference brand","not yet implemented","not available: Flutter screen capture not run","not verified: Flutter UI tests / image parity pending","يحتاج تحسين","Visual reference only; functionality & data must remain real"
"IMG_9753.PNG","Privacy","Sharing/privacy menu","/settings/sharing-privacy; /settings/diary/sharing","lib/features/settings/sharing_privacy_settings_page.dart","not available: no matching current-version native baseline screenshot","Compared by reference contact sheet: original reference favors small type, neutral line icons, flat rows, restrained cards; actual BIL native baseline unavailable for direct parity.","BIL-owned soft native typography, fewer symbols, lighter separators/cards, responsive RTL/LTR without imitating reference brand","More headings, sections and background refined","not available: Flutter screen capture not run","not verified: Flutter UI tests / image parity pending","يحتاج تحسين","Visual reference only; functionality & data must remain real"
"IMG_9754.PNG","Privacy","Diary sharing modes","/settings/sharing-privacy; /settings/diary/sharing","lib/features/settings/sharing_privacy_settings_page.dart","not available: no matching current-version native baseline screenshot","Compared by reference contact sheet: original reference favors small type, neutral line icons, flat rows, restrained cards; actual BIL native baseline unavailable for direct parity.","BIL-owned soft native typography, fewer symbols, lighter separators/cards, responsive RTL/LTR without imitating reference brand","More headings, sections and background refined","not available: Flutter screen capture not run","not verified: Flutter UI tests / image parity pending","يحتاج تحسين","Visual reference only; functionality & data must remain real"
"IMG_9755.PNG","Email Preferences","Email settings requiring confirmation","/settings/email","lib/features/settings/reference_preferences_email.dart","not available: no matching current-version native baseline screenshot","Compared by reference contact sheet: original reference favors small type, neutral line icons, flat rows, restrained cards; actual BIL native baseline unavailable for direct parity.","BIL-owned soft native typography, fewer symbols, lighter separators/cards, responsive RTL/LTR without imitating reference brand","not yet implemented","not available: Flutter screen capture not run","not verified: Flutter UI tests / image parity pending","يحتاج تحسين","Visual reference only; functionality & data must remain real"
"IMG_9756.PNG","Email Preferences","Email notification toggles","/settings/email","lib/features/settings/reference_preferences_email.dart","not available: no matching current-version native baseline screenshot","Compared by reference contact sheet: original reference favors small type, neutral line icons, flat rows, restrained cards; actual BIL native baseline unavailable for direct parity.","BIL-owned soft native typography, fewer symbols, lighter separators/cards, responsive RTL/LTR without imitating reference brand","not yet implemented","not available: Flutter screen capture not run","not verified: Flutter UI tests / image parity pending","يحتاج تحسين","Visual reference only; functionality & data must remain real"
"IMG_9757.PNG","Account Connections","Facebook connection","/settings/account-connections/facebook; /settings/account-connections/google","lib/features/settings/account_connection_settings_page.dart","not available: no matching current-version native baseline screenshot","Compared by reference contact sheet: original reference favors small type, neutral line icons, flat rows, restrained cards; actual BIL native baseline unavailable for direct parity.","BIL-owned soft native typography, fewer symbols, lighter separators/cards, responsive RTL/LTR without imitating reference brand","More headings, sections and background refined","not available: Flutter screen capture not run","not verified: Flutter UI tests / image parity pending","يحتاج تحسين","Visual reference only; functionality & data must remain real"
"IMG_9758.PNG","Account Connections","Google account linking","/settings/account-connections/facebook; /settings/account-connections/google","lib/features/settings/account_connection_settings_page.dart","not available: no matching current-version native baseline screenshot","Compared by reference contact sheet: original reference favors small type, neutral line icons, flat rows, restrained cards; actual BIL native baseline unavailable for direct parity.","BIL-owned soft native typography, fewer symbols, lighter separators/cards, responsive RTL/LTR without imitating reference brand","More headings, sections and background refined","not available: Flutter screen capture not run","not verified: Flutter UI tests / image parity pending","يحتاج تحسين","Visual reference only; functionality & data must remain real"
"IMG_9759.PNG","Password","Change password fields","/settings/account-password","lib/features/settings/account_password_page.dart","not available: no matching current-version native baseline screenshot","Compared by reference contact sheet: original reference favors small type, neutral line icons, flat rows, restrained cards; actual BIL native baseline unavailable for direct parity.","BIL-owned soft native typography, fewer symbols, lighter separators/cards, responsive RTL/LTR without imitating reference brand","not yet implemented","not available: Flutter screen capture not run","not verified: Flutter UI tests / image parity pending","يحتاج تحسين","Visual reference only; functionality & data must remain real"
"IMG_9760.PNG","Notifications","Push notifications options","/notification-settings","lib/features/notifications/presentation/notification_settings_page.dart","not available: no matching current-version native baseline screenshot","Compared by reference contact sheet: original reference favors small type, neutral line icons, flat rows, restrained cards; actual BIL native baseline unavailable for direct parity.","BIL-owned soft native typography, fewer symbols, lighter separators/cards, responsive RTL/LTR without imitating reference brand","More headings, sections and background refined","not available: Flutter screen capture not run","not verified: Flutter UI tests / image parity pending","يحتاج تحسين","Visual reference only; functionality & data must remain real"
"IMG_9761.PNG","Exercise","User exercises empty state (reference 1/1)","/wellness/workouts/log","lib/features/wellness/presentation/wellness_tools_pages.dart","not available: no matching current-version native baseline screenshot","Compared by reference contact sheet: original reference favors small type, neutral line icons, flat rows, restrained cards; actual BIL native baseline unavailable for direct parity.","BIL-owned soft native typography, fewer symbols, lighter separators/cards, responsive RTL/LTR without imitating reference brand","not yet implemented","not available: Flutter screen capture not run","not verified: Flutter UI tests / image parity pending","يحتاج تحسين","Visual reference only; functionality & data must remain real"
"IMG_9762.PNG","Onboarding","Welcome first-use calorie goal","/onboarding","lib/features/onboarding/onboarding_page.dart","not available: no matching current-version native baseline screenshot","Compared by reference contact sheet: original reference favors small type, neutral line icons, flat rows, restrained cards; actual BIL native baseline unavailable for direct parity.","BIL-owned soft native typography, fewer symbols, lighter separators/cards, responsive RTL/LTR without imitating reference brand","not yet implemented","not available: Flutter screen capture not run","not verified: Flutter UI tests / image parity pending","يحتاج تحسين","Visual reference only; functionality & data must remain real"
"IMG_9763.PNG","Connected Health","Apple Health connect/skip","/connected-health","lib/features/connected_health/connected_health_page.dart","not available: no matching current-version native baseline screenshot","Compared by reference contact sheet: original reference favors small type, neutral line icons, flat rows, restrained cards; actual BIL native baseline unavailable for direct parity.","BIL-owned soft native typography, fewer symbols, lighter separators/cards, responsive RTL/LTR without imitating reference brand","not yet implemented","not available: Flutter screen capture not run","not verified: Flutter UI tests / image parity pending","يحتاج تحسين","Visual reference only; functionality & data must remain real"
"IMG_9764.PNG","More","Account and category index (reference 1/1)","/settings","lib/features/settings/settings_page.dart","not available: no matching current-version native baseline screenshot","Compared by reference contact sheet: original reference favors small type, neutral line icons, flat rows, restrained cards; actual BIL native baseline unavailable for direct parity.","BIL-owned soft native typography, fewer symbols, lighter separators/cards, responsive RTL/LTR without imitating reference brand","More headings, sections and background refined","not available: Flutter screen capture not run","not verified: Flutter UI tests / image parity pending","يحتاج تحسين","Visual reference only; functionality & data must remain real"
"IMG_9765.PNG","Community","Messages and community welcome (reference 1/2)","/community/messages; /community","lib/features/community/presentation/community_messages_page.dart","not available: no matching current-version native baseline screenshot","not audited — protected","No modifications allowed","no changes allowed","not available: Flutter screen capture not run","not verified: Flutter UI tests / image parity pending","محمي","protected_community"
"IMG_9766.PNG","Community","Messages and community welcome (reference 2/2)","/community/messages; /community","lib/features/community/presentation/community_messages_page.dart","not available: no matching current-version native baseline screenshot","not audited — protected","No modifications allowed","no changes allowed","not available: Flutter screen capture not run","not verified: Flutter UI tests / image parity pending","محمي","protected_community"
"IMG_9767.PNG","Help","Help entry navigation","/help; /help/faq; /legal/privacy","lib/features/settings/help_center_page.dart; lib/features/settings/legal_document_page.dart","not available: no matching current-version native baseline screenshot","Compared by reference contact sheet: original reference favors small type, neutral line icons, flat rows, restrained cards; actual BIL native baseline unavailable for direct parity.","BIL-owned soft native typography, fewer symbols, lighter separators/cards, responsive RTL/LTR without imitating reference brand","Help/FAQ rows simplified; scoped theme","not available: Flutter screen capture not run","not verified: Flutter UI tests / image parity pending","يحتاج تحسين","Visual reference only; functionality & data must remain real"
"IMG_9768.PNG","Help","About & external links","/help; /help/faq; /legal/privacy","lib/features/settings/help_center_page.dart; lib/features/settings/legal_document_page.dart","not available: no matching current-version native baseline screenshot","Compared by reference contact sheet: original reference favors small type, neutral line icons, flat rows, restrained cards; actual BIL native baseline unavailable for direct parity.","BIL-owned soft native typography, fewer symbols, lighter separators/cards, responsive RTL/LTR without imitating reference brand","Help/FAQ rows simplified; scoped theme","not available: Flutter screen capture not run","not verified: Flutter UI tests / image parity pending","يحتاج تحسين","Visual reference only; functionality & data must remain real"
"IMG_9769.PNG","Help","Help search and articles","/help; /help/faq; /legal/privacy","lib/features/settings/help_center_page.dart; lib/features/settings/legal_document_page.dart","not available: no matching current-version native baseline screenshot","Compared by reference contact sheet: original reference favors small type, neutral line icons, flat rows, restrained cards; actual BIL native baseline unavailable for direct parity.","BIL-owned soft native typography, fewer symbols, lighter separators/cards, responsive RTL/LTR without imitating reference brand","Help/FAQ rows simplified; scoped theme","not available: Flutter screen capture not run","not verified: Flutter UI tests / image parity pending","يحتاج تحسين","Visual reference only; functionality & data must remain real"
"IMG_9770.PNG","Help","Help article detail","/help; /help/faq; /legal/privacy","lib/features/settings/help_center_page.dart; lib/features/settings/legal_document_page.dart","not available: no matching current-version native baseline screenshot","Compared by reference contact sheet: original reference favors small type, neutral line icons, flat rows, restrained cards; actual BIL native baseline unavailable for direct parity.","BIL-owned soft native typography, fewer symbols, lighter separators/cards, responsive RTL/LTR without imitating reference brand","Help/FAQ rows simplified; scoped theme","not available: Flutter screen capture not run","not verified: Flutter UI tests / image parity pending","يحتاج تحسين","Visual reference only; functionality & data must remain real"
"IMG_9771.PNG","Help","Help subscription questions","/help; /help/faq; /legal/privacy","lib/features/settings/help_center_page.dart; lib/features/settings/legal_document_page.dart","not available: no matching current-version native baseline screenshot","Compared by reference contact sheet: original reference favors small type, neutral line icons, flat rows, restrained cards; actual BIL native baseline unavailable for direct parity.","BIL-owned soft native typography, fewer symbols, lighter separators/cards, responsive RTL/LTR without imitating reference brand","Help/FAQ rows simplified; scoped theme","not available: Flutter screen capture not run","not verified: Flutter UI tests / image parity pending","يحتاج تحسين","Visual reference only; functionality & data must remain real"
"IMG_9772.PNG","Help","Help account settings questions","/help; /help/faq; /legal/privacy","lib/features/settings/help_center_page.dart; lib/features/settings/legal_document_page.dart","not available: no matching current-version native baseline screenshot","Compared by reference contact sheet: original reference favors small type, neutral line icons, flat rows, restrained cards; actual BIL native baseline unavailable for direct parity.","BIL-owned soft native typography, fewer symbols, lighter separators/cards, responsive RTL/LTR without imitating reference brand","Help/FAQ rows simplified; scoped theme","not available: Flutter screen capture not run","not verified: Flutter UI tests / image parity pending","يحتاج تحسين","Visual reference only; functionality & data must remain real"
"IMG_9773.PNG","Help","Help goals/nutrition questions","/help; /help/faq; /legal/privacy","lib/features/settings/help_center_page.dart; lib/features/settings/legal_document_page.dart","not available: no matching current-version native baseline screenshot","Compared by reference contact sheet: original reference favors small type, neutral line icons, flat rows, restrained cards; actual BIL native baseline unavailable for direct parity.","BIL-owned soft native typography, fewer symbols, lighter separators/cards, responsive RTL/LTR without imitating reference brand","Help/FAQ rows simplified; scoped theme","not available: Flutter screen capture not run","not verified: Flutter UI tests / image parity pending","يحتاج تحسين","Visual reference only; functionality & data must remain real"
"IMG_9774.PNG","Dashboard","Today overview / healthy habits (reference 1/2)","/dashboard","lib/features/dashboard/dashboard_page.dart","not available: no matching current-version native baseline screenshot","not audited — protected","No modifications allowed","no changes allowed","not available: Flutter screen capture not run","not verified: Flutter UI tests / image parity pending","محمي","protected_dashboard"
"IMG_9775.PNG","Dashboard","Today overview / healthy habits (reference 2/2)","/dashboard","lib/features/dashboard/dashboard_page.dart","not available: no matching current-version native baseline screenshot","not audited — protected","No modifications allowed","no changes allowed","not available: Flutter screen capture not run","not verified: Flutter UI tests / image parity pending","محمي","protected_dashboard"
"IMG_9776.PNG","Water","Water quantity keypad","/daily-log/water","lib/features/daily_log/daily_water_page.dart","not available: no matching current-version native baseline screenshot","Compared by reference contact sheet: original reference favors small type, neutral line icons, flat rows, restrained cards; actual BIL native baseline unavailable for direct parity.","BIL-owned soft native typography, fewer symbols, lighter separators/cards, responsive RTL/LTR without imitating reference brand","not yet implemented","not available: Flutter screen capture not run","not verified: Flutter UI tests / image parity pending","يحتاج تحسين","Visual reference only; functionality & data must remain real"
"IMG_9777.PNG","Weight","Weight entry keypad","/weight-history","lib/features/history/history_page.dart","not available: no matching current-version native baseline screenshot","Compared by reference contact sheet: original reference favors small type, neutral line icons, flat rows, restrained cards; actual BIL native baseline unavailable for direct parity.","BIL-owned soft native typography, fewer symbols, lighter separators/cards, responsive RTL/LTR without imitating reference brand","weight history scoped theme","not available: Flutter screen capture not run","not verified: Flutter UI tests / image parity pending","يحتاج تحسين","Visual reference only; functionality & data must remain real"
"IMG_9778.PNG","Strength","Strength recent/mine empty","/wellness/workouts/log","lib/features/wellness/presentation/wellness_tools_pages.dart","not available: no matching current-version native baseline screenshot","Compared by reference contact sheet: original reference favors small type, neutral line icons, flat rows, restrained cards; actual BIL native baseline unavailable for direct parity.","BIL-owned soft native typography, fewer symbols, lighter separators/cards, responsive RTL/LTR without imitating reference brand","not yet implemented","not available: Flutter screen capture not run","not verified: Flutter UI tests / image parity pending","يحتاج تحسين","Visual reference only; functionality & data must remain real"
"IMG_9779.PNG","Strength","Strength all exercises empty","/wellness/workouts/log","lib/features/wellness/presentation/wellness_tools_pages.dart","not available: no matching current-version native baseline screenshot","Compared by reference contact sheet: original reference favors small type, neutral line icons, flat rows, restrained cards; actual BIL native baseline unavailable for direct parity.","BIL-owned soft native typography, fewer symbols, lighter separators/cards, responsive RTL/LTR without imitating reference brand","not yet implemented","not available: Flutter screen capture not run","not verified: Flutter UI tests / image parity pending","يحتاج تحسين","Visual reference only; functionality & data must remain real"
"IMG_9780.PNG","Workout Routines","My workouts routines","/wellness/workouts/routines","lib/features/wellness/presentation/bil_workout_routines_page.dart","not available: no matching current-version native baseline screenshot","Compared by reference contact sheet: original reference favors small type, neutral line icons, flat rows, restrained cards; actual BIL native baseline unavailable for direct parity.","BIL-owned soft native typography, fewer symbols, lighter separators/cards, responsive RTL/LTR without imitating reference brand","not yet implemented","not available: Flutter screen capture not run","not verified: Flutter UI tests / image parity pending","يحتاج تحسين","Visual reference only; functionality & data must remain real"
"IMG_9781.PNG","Workout Routines","Workout discover","/wellness/workouts/routines","lib/features/wellness/presentation/bil_workout_routines_page.dart","not available: no matching current-version native baseline screenshot","Compared by reference contact sheet: original reference favors small type, neutral line icons, flat rows, restrained cards; actual BIL native baseline unavailable for direct parity.","BIL-owned soft native typography, fewer symbols, lighter separators/cards, responsive RTL/LTR without imitating reference brand","not yet implemented","not available: Flutter screen capture not run","not verified: Flutter UI tests / image parity pending","يحتاج تحسين","Visual reference only; functionality & data must remain real"
"IMG_9782.PNG","Not app UI","Text conversation screenshot (reference 1/1)","-","-","not available: no matching current-version native baseline screenshot","not UI","No app surface planned","not applicable","not available: Flutter screen capture not run","not verified: Flutter UI tests / image parity pending","مرجع بلا مقابل في التطبيق","no_equivalent"
