reference,name,sha256,reference_preview,screen,language,brightness,state,bil_route,capability,before_state,gap,closure_action,production_file,status,evidence_after,evidence_bytes,evidence_sha256
"4821","IMG_4821.PNG","d85d04a9f73092d12ce6752135821faa68f8d6eba0c0f09e69294fd1c69d9131","artifacts/release/visual_closure/reference/previews/IMG_4821.jpg","dashboard","en","light","dashboard summary, calorie, macro, hydration or activity card","/dashboard","daily summary and goal cards","implemented and previously visually tested","required refreshed production evidence against the reference family","production surface refined in dashboard header and top bar; refreshed golden required","lib/features/dashboard/dashboard_page.dart","approved_visual_equivalence","test/visual_closure/goldens/visual_closure_dashboard_phone.png","82577","1fb764f8fe2f869a1d9c8bf0d0d628562b63a1b1581f6086a074635b7ae7e4c8"
"4822","IMG_4822.PNG","66b8b109005f67a36c218b04f90c1a0e1b1ee24c7b5d699bcde798de584b5c97","artifacts/release/visual_closure/reference/previews/IMG_4822.jpg","dashboard","en","light","dashboard summary, calorie, macro, hydration or activity card","/dashboard","daily summary and goal cards","implemented and previously visually tested","required refreshed production evidence against the reference family","production surface refined in dashboard header and top bar; refreshed golden required","lib/features/dashboard/dashboard_page.dart","approved_visual_equivalence","test/visual_closure/goldens/visual_closure_dashboard_phone_2.png","133207","9a7021ae5be9998f54ae5e5f2a69e38abc55ab0fb6f66d2a9b39f0689dfa93eb"
"4823","IMG_4823.PNG","eb5a41e0e90f47e7fd220555baae4d618d2d277b53a0506d2335890174227f35","artifacts/release/visual_closure/reference/previews/IMG_4823.jpg","dashboard","en","light","dashboard summary, calorie, macro, hydration or activity card","/dashboard","daily summary and goal cards","implemented and previously visually tested","required refreshed production evidence against the reference family","production surface refined in dashboard header and top bar; refreshed golden required","lib/features/dashboard/dashboard_page.dart","approved_visual_equivalence","test/visual_closure/goldens/visual_closure_dashboard_phone_3.png","331133","eff900bb4db9e74b8242179fb2277833deee9fa576d23e711354d2b52aad26c5"
"4824","IMG_4824.PNG","9d91f433952861f4b6f4679cbc493a29a5b2f849babe1e1b60bcac2bb3a35aef","artifacts/release/visual_closure/reference/previews/IMG_4824.jpg","dashboard","en","light","dashboard summary, calorie, macro, hydration or activity card","/dashboard","daily summary and goal cards","implemented and previously visually tested","required refreshed production evidence against the reference family","production surface refined in dashboard header and top bar; refreshed golden required","lib/features/dashboard/dashboard_page.dart","approved_visual_equivalence","test/visual_closure/goldens/visual_closure_dashboard_phone_4.png","278872","cf271750511bd68d078aa5cb67409a3d4b89e0a6711a3704bf9a182a58c2956c"
"4825","IMG_4825.PNG","717e36767ec6470a63d2dca805cf9f7c151d811ae6e3fc63692b0b389deea588","artifacts/release/visual_closure/reference/previews/IMG_4825.jpg","dashboard","en","light","dashboard summary, calorie, macro, hydration or activity card","/dashboard","daily summary and goal cards","implemented and previously visually tested","required refreshed production evidence against the reference family","production surface refined in dashboard header and top bar; refreshed golden required","lib/features/dashboard/dashboard_page.dart","approved_visual_equivalence","test/visual_closure/goldens/visual_closure_dashboard_phone_5.png","185433","adbde424ea0e52a778bad4bd6faad34c785b6748112dd2f5328aa1ebdf402d67"
"4826","IMG_4826.PNG","ccd3f1ada5f4a8a007a5d47eb898af02240c24d0b8e0c8d7e353487ca1a968bc","artifacts/release/visual_closure/reference/previews/IMG_4826.jpg","dashboard","en","light","dashboard summary, calorie, macro, hydration or activity card","/dashboard","daily summary and goal cards","implemented and previously visually tested","required refreshed production evidence against the reference family","production surface refined in dashboard header and top bar; refreshed golden required","lib/features/dashboard/dashboard_page.dart","approved_visual_equivalence","test/visual_closure/goldens/visual_closure_dashboard_phone_6.png","187074","d27585b9f0d6f379f2a6867fd7850b2953b74352af675f617a774ac133f49385"
"4827","IMG_4827.PNG","8f4b7cf26a9721fde2111f73b24fb525104cf43b7f19c0c6ccc6de59e48e5efa","artifacts/release/visual_closure/reference/previews/IMG_4827.jpg","dashboard","en","light","dashboard summary, calorie, macro, hydration or activity card","/dashboard","daily summary and goal cards","implemented and previously visually tested","required refreshed production evidence against the reference family","production surface refined in dashboard header and top bar; refreshed golden required","lib/features/dashboard/dashboard_page.dart","approved_visual_equivalence","test/visual_closure/goldens/visual_closure_dashboard_phone_7.png","193936","68b319e8ca639ef7e5e77ce5ece8f075bbdc8968393fc65c4208d6b07841dbad"
"4828","IMG_4828.PNG","ae3ceda1dd722e7550f2b2db0f6f32ddf2b5ba991cfd35911b063cb8a30eeb56","artifacts/release/visual_closure/reference/previews/IMG_4828.jpg","sleep","en","light","sleep overview, stages, trend or education state","/wellness/sleep","sleep education and recorded sleep state","implemented; reference-specific visual evidence missing","required refreshed production evidence against the reference family","pre-existing production flow retained; refreshed golden proves current implementation","lib/features/wellness/presentation/sleep_tracker_page.dart","approved_visual_equivalence","test/visual_closure/goldens/visual_closure_sleep_learn_phone.png","58104","6cbafc3327284c8540e5f38acdbdc423ae5cc021af6450b835c1ef7e7e20078a"
"4829","IMG_4829.PNG","977dd4ea88574dc6b3c6f5077595661fdc9eba2cd6560d6b6f380f4db80f5485","artifacts/release/visual_closure/reference/previews/IMG_4829.jpg","sleep","en","light","sleep overview, stages, trend or education state","/wellness/sleep","sleep education and recorded sleep state","implemented; reference-specific visual evidence missing","required refreshed production evidence against the reference family","pre-existing production flow retained; refreshed golden proves current implementation","lib/features/wellness/presentation/sleep_tracker_page.dart","approved_visual_equivalence","test/visual_closure/goldens/visual_closure_sleep_learn_phone_2.png","60783","03f83654440293aab639e77cfc4faf73784c3cda5c3d10ded8800e862a95b342"
"4830","IMG_4830.PNG","e66f2a511daace0d33c95e83d232f237694ac20f859a532de1387be22f6db2d4","artifacts/release/visual_closure/reference/previews/IMG_4830.jpg","sleep","en","light","sleep overview, stages, trend or education state","/wellness/sleep","sleep education and recorded sleep state","implemented; reference-specific visual evidence missing","required refreshed production evidence against the reference family","pre-existing production flow retained; refreshed golden proves current implementation","lib/features/wellness/presentation/sleep_tracker_page.dart","approved_visual_equivalence","test/visual_closure/goldens/visual_closure_sleep_learn_phone_3.png","55460","80adcf16bf99e8285800df5c1f714144040c66b28d32c376e09f78ae1cdaabfe"
"4831","IMG_4831.PNG","e15b7aeec13705d43a3b15de7bec63cba9917220b8f7009fe3f52babca7eb6a5","artifacts/release/visual_closure/reference/previews/IMG_4831.jpg","sleep","en","light","sleep overview, stages, trend or education state","/wellness/sleep","sleep education and recorded sleep state","implemented; reference-specific visual evidence missing","required refreshed production evidence against the reference family","pre-existing production flow retained; refreshed golden proves current implementation","lib/features/wellness/presentation/sleep_tracker_page.dart","approved_visual_equivalence","test/visual_closure/goldens/visual_closure_sleep_trend_phone.png","97595","c016fc25feb55a0fb1ba4bd620cdee5ce66cbcbfcb2280020ffcda5fcfc650bb"
"4832","IMG_4832.PNG","8359753e002f04022e141f00e28c20e63d6d24bb41424d4e497a44b345ccdede","artifacts/release/visual_closure/reference/previews/IMG_4832.jpg","food search","en","light","food search entry state","/daily-log?focus=meal","search, barcode, voice, photo and quick add","implemented; reference-specific visual evidence missing","screen title and horizontal rhythm diverged from the mobile reference","production page refined; refreshed golden required","lib/features/daily_log/daily_log_page.dart","approved_visual_equivalence","test/visual_closure/goldens/visual_closure_food_meal_search_phone.png","11797","69047f1c48c4d177e517fa1e784c942f723252d7e25f8f895618adfd9814f486"
"4833","IMG_4833.PNG","9cc41b1bc53f8f99e08330b316ca3da30f76ce18c59e13fe5abcdc8937a3c06c","artifacts/release/visual_closure/reference/previews/IMG_4833.jpg","recipe discovery","en","light","recipe discovery, collection, detail or empty state","/wellness/recipes","trusted pictured recipe collections","implemented; reference-specific visual evidence missing","library margins diverged from the canonical phone rhythm","production page refined; refreshed golden required","lib/features/wellness/presentation/professional_content_library_page.dart","approved_visual_equivalence","test/visual_closure/goldens/visual_closure_recipe_discovery_phone.png","198166","49e554f044be8498f684e5bb41017acb766f65a674236beae159584dcb848b52"
"4834","IMG_4834.PNG","9862a5e915d63e7529b3c854eac76531df46339d2448c818ee892ac54f440193","artifacts/release/visual_closure/reference/previews/IMG_4834.jpg","recipe discovery","en","light","recipe discovery, collection, detail or empty state","/wellness/recipes","trusted pictured recipe collections","implemented; reference-specific visual evidence missing","library margins diverged from the canonical phone rhythm","production page refined; refreshed golden required","lib/features/wellness/presentation/professional_content_library_page.dart","approved_visual_equivalence","test/visual_closure/goldens/visual_closure_recipe_discovery_phone_2.png","118352","a8450c92bb4d7d661422bf1093dc852213bbfe7d4d466095eaa84a2b1dc88ce1"
"4835","IMG_4835.PNG","1c0f22b2e2f6ae71d0f39bb2bbb584066c5b948fc3b901d268c50a9fab10e43d","artifacts/release/visual_closure/reference/previews/IMG_4835.jpg","recipe discovery","en","light","recipe discovery, collection, detail or empty state","/wellness/recipes","trusted pictured recipe collections","implemented; reference-specific visual evidence missing","library margins diverged from the canonical phone rhythm","production page refined; refreshed golden required","lib/features/wellness/presentation/professional_content_library_page.dart","approved_visual_equivalence","test/visual_closure/goldens/visual_closure_recipe_discovery_phone_3.png","112535","67c04c3e7d4019b434b5c8411ad4a3bc4e5b539413ddf67e1f4c759ada7f8844"
"4836","IMG_4836.PNG","2d4723bafa78373cb1a92856b992fa9c9504e7c2e231c9fdd4864aa40672894d","artifacts/release/visual_closure/reference/previews/IMG_4836.jpg","recipe discovery","en","light","recipe discovery, collection, detail or empty state","/wellness/recipes","trusted pictured recipe collections","implemented; reference-specific visual evidence missing","library margins diverged from the canonical phone rhythm","production page refined; refreshed golden required","lib/features/wellness/presentation/professional_content_library_page.dart","approved_visual_equivalence","test/visual_closure/goldens/visual_closure_recipe_discovery_phone_4.png","138306","54a4e21f6370e47d7b61d0f7836c5a26b0ddc3f5689b8feb96f4d0dd6b5af9c0"
"4837","IMG_4837.PNG","2190956ae9debb57bcfedc36e817a7ad9b99f37c8c2863281bff138af7b47a09","artifacts/release/visual_closure/reference/previews/IMG_4837.jpg","recipe discovery","en","light","recipe discovery, collection, detail or empty state","/wellness/recipes","trusted pictured recipe collections","implemented; reference-specific visual evidence missing","library margins diverged from the canonical phone rhythm","production page refined; refreshed golden required","lib/features/wellness/presentation/professional_content_library_page.dart","approved_visual_equivalence","test/visual_closure/goldens/visual_closure_recipe_discovery_phone_5.png","94375","c3857244d36ac87de22ddfdedb174d987cc5e8de2479ab2bb05502232ec8e9f8"
"4838","IMG_4838.PNG","db9dbb546ede207f08b78aee5fe28079a84942d6ea1a5cdd7f2b1ccaeca69f37","artifacts/release/visual_closure/reference/previews/IMG_4838.jpg","recipe discovery","en","light","recipe discovery, collection, detail or empty state","/wellness/recipes","trusted pictured recipe collections","implemented; reference-specific visual evidence missing","library margins diverged from the canonical phone rhythm","production page refined; refreshed golden required","lib/features/wellness/presentation/professional_content_library_page.dart","approved_visual_equivalence","test/visual_closure/goldens/visual_closure_recipe_discovery_phone_6.png","145360","2259f91ec169a5178ac08235e0f70be5c903be083206831e63051a3e272fd0e1"
"4839","IMG_4839.PNG","b5d0ecf781e5346789a28a376719a489657005bebc2dbd8e545df78600f22aef","artifacts/release/visual_closure/reference/previews/IMG_4839.jpg","recipe discovery","en","light","recipe discovery, collection, detail or empty state","/wellness/recipes","trusted pictured recipe collections","implemented; reference-specific visual evidence missing","library margins diverged from the canonical phone rhythm","production page refined; refreshed golden required","lib/features/wellness/presentation/professional_content_library_page.dart","approved_visual_equivalence","test/visual_closure/goldens/visual_closure_recipe_discovery_phone_7.png","152640","fb6737eccc3658e94e6f428cf007ebfe1a16856f2ca57eb87f9390a07cf37be8"
"4840","IMG_4840.PNG","cef228c9ad7f68220c33a1d2f138481ad8cbf4a32131d909e0f5c9e9a06f46f8","artifacts/release/visual_closure/reference/previews/IMG_4840.jpg","recipe discovery","en","light","recipe discovery, collection, detail or empty state","/wellness/recipes","trusted pictured recipe collections","implemented; reference-specific visual evidence missing","library margins diverged from the canonical phone rhythm","production page refined; refreshed golden required","lib/features/wellness/presentation/professional_content_library_page.dart","approved_visual_equivalence","test/visual_closure/goldens/visual_closure_recipe_discovery_phone_8.png","150968","6ec734e0d96b4ebe51a5c8ee342140230f8df2da38b5954ff0be597592d81ae9"
"4841","IMG_4841.PNG","f713861a85a70a2dab935ae676832774ff04b0a0ac0a11b63ecd450ef1950291","artifacts/release/visual_closure/reference/previews/IMG_4841.jpg","recipe discovery","en","light","recipe discovery, collection, detail or empty state","/wellness/recipes","trusted pictured recipe collections","implemented; reference-specific visual evidence missing","library margins diverged from the canonical phone rhythm","production page refined; refreshed golden required","lib/features/wellness/presentation/professional_content_library_page.dart","approved_visual_equivalence","test/visual_closure/goldens/visual_closure_recipe_discovery_phone_9.png","133062","c5f7d0d8f24061732a259404aed720d08d122075896606c5bda86230dedbc0dd"
"4842","IMG_4842.PNG","893fa53e1a6a42ee6971d87a89c1c682f769b6dc8997993e700cf6b0ecbd27ee","artifacts/release/visual_closure/reference/previews/IMG_4842.jpg","recipe discovery","en","light","recipe discovery, collection, detail or empty state","/wellness/recipes","trusted pictured recipe collections","implemented; reference-specific visual evidence missing","library margins diverged from the canonical phone rhythm","production page refined; refreshed golden required","lib/features/wellness/presentation/professional_content_library_page.dart","approved_visual_equivalence","test/visual_closure/goldens/visual_closure_recipe_discovery_phone_10.png","146508","dc06e84e409e0571bf4612e383c9d4a85ccacae95642a1c89993622bf3aa0ad3"
"4843","IMG_4843.PNG","ae6700792645d8175df9c90572bcda88929f9ae16e15f67eacaa75ac45c527e8","artifacts/release/visual_closure/reference/previews/IMG_4843.jpg","recipe discovery","en","light","recipe discovery, collection, detail or empty state","/wellness/recipes","trusted pictured recipe collections","implemented; reference-specific visual evidence missing","library margins diverged from the canonical phone rhythm","production page refined; refreshed golden required","lib/features/wellness/presentation/professional_content_library_page.dart","approved_visual_equivalence","test/visual_closure/goldens/visual_closure_recipe_discovery_phone_11.png","109879","6373eb1d4b297a2ad3b1be3d3c02d2774e4dbab69ea60a59a92900282b422bd5"
"4844","IMG_4844.PNG","00d8dd72786d637baa6a480e4c6a36fe50681fa2939d68008a13fdfe7d8b490b","artifacts/release/visual_closure/reference/previews/IMG_4844.jpg","recipe discovery","en","light","recipe discovery, collection, detail or empty state","/wellness/recipes","trusted pictured recipe collections","implemented; reference-specific visual evidence missing","library margins diverged from the canonical phone rhythm","production page refined; refreshed golden required","lib/features/wellness/presentation/professional_content_library_page.dart","approved_visual_equivalence","test/visual_closure/goldens/visual_closure_recipe_discovery_phone_12.png","135577","fb9b13c2f54db09165081a2569e4f7b94fa8ee84c5dcc84e3563125be532736c"
"4845","IMG_4845.PNG","22023f0abcb81acf26edae85a5b650417090515a36169edf0353df34c114e4ba","artifacts/release/visual_closure/reference/previews/IMG_4845.jpg","recipe discovery","en","light","recipe discovery, collection, detail or empty state","/wellness/recipes","trusted pictured recipe collections","implemented; reference-specific visual evidence missing","library margins diverged from the canonical phone rhythm","production page refined; refreshed golden required","lib/features/wellness/presentation/professional_content_library_page.dart","approved_visual_equivalence","test/visual_closure/goldens/visual_closure_recipe_discovery_phone_13.png","155227","d9040f8ea4875e4273a5320ae04a87c3993f31fde68340cbca504fb7a479bb72"
"4846","IMG_4846.PNG","4589ca37dbb73ded5bee21a27e068a780350b6de2b096ebcfdd544b878664c3e","artifacts/release/visual_closure/reference/previews/IMG_4846.jpg","recipe discovery","en","light","recipe discovery, collection, detail or empty state","/wellness/recipes","trusted pictured recipe collections","implemented; reference-specific visual evidence missing","library margins diverged from the canonical phone rhythm","production page refined; refreshed golden required","lib/features/wellness/presentation/professional_content_library_page.dart","approved_visual_equivalence","test/visual_closure/goldens/visual_closure_recipe_collection_plant_phone.png","152786","e3b2e10e04d8561d909277054a024d8041ec1c4383056a74b606976ca3e2c212"
"4847","IMG_4847.PNG","f0a35f74522786efb2b37b6389a1c751d5c4caf7d5f92768dfe461d929298f14","artifacts/release/visual_closure/reference/previews/IMG_4847.jpg","recipe discovery","en","light","recipe discovery, collection, detail or empty state","/wellness/recipes","trusted pictured recipe collections","implemented; reference-specific visual evidence missing","library margins diverged from the canonical phone rhythm","production page refined; refreshed golden required","lib/features/wellness/presentation/professional_content_library_page.dart","approved_visual_equivalence","test/visual_closure/goldens/visual_closure_recipe_collection_quick_phone.png","190678","1a084e178bb8c747c81e553096a51a5da1448b729e3d6152853db10651c50252"
"4848","IMG_4848.PNG","f9118115c08cf85b8e0d5be9126efc36b5451927248f19d0b6e1771ae4f0682b","artifacts/release/visual_closure/reference/previews/IMG_4848.jpg","recipe discovery","en","light","recipe discovery, collection, detail or empty state","/wellness/recipes","trusted pictured recipe collections","implemented; reference-specific visual evidence missing","library margins diverged from the canonical phone rhythm","production page refined; refreshed golden required","lib/features/wellness/presentation/professional_content_library_page.dart","approved_visual_equivalence","test/visual_closure/goldens/visual_closure_recipe_collection_regional_phone.png","125316","fe487a7af49dbfd60ca748ad4196164da5216babc25c6d5c584781df570f844a"
"4849","IMG_4849.PNG","9db0a8fcdbc1a0856e91093ba7b78e45d86b71d568c334a8c6c87510d1d89a88","artifacts/release/visual_closure/reference/previews/IMG_4849.jpg","recipe collection","en","light","recipe discovery, collection, detail or empty state","/wellness/recipes","recipe grid and category details","implemented; reference-specific visual evidence missing","library margins diverged from the canonical phone rhythm","production page refined; refreshed golden required","lib/features/wellness/presentation/professional_content_library_page.dart","approved_visual_equivalence","test/visual_closure/goldens/visual_closure_recipe_collection_saved_phone.png","89439","77b15b1e22175509f6641395db914f2cabbe20f43467036ad6462c8141f181d0"
"4850","IMG_4850.PNG","cf5d9dcb2c7e3b9af1220d99c37ed0057cbcb02c1bb3aa4acc8aa333f2e3f1ed","artifacts/release/visual_closure/reference/previews/IMG_4850.jpg","subscription","en","light","subscription offer and entitlement state","/plans","honest store plans and entitlements","store catalog unavailable in the deterministic production state","real device-store products and sandbox billing remain external","captured truthful unavailable state with purchase restore and manage disabled","lib/features/commerce/presentation/bil_store_plans_page.dart","independent_visual_review_limited_state_acceptance","test/visual_closure/goldens/visual_closure_store_plans_phone.png","112116","b3aa740598aab49bb2c10e3f97e5865417c839d053c510cbdb28864c7ddd0672"
"4851","IMG_4851.PNG","ee9ee5ad452957a866d756d4ec0315389eda7f59c74b2c648586b08e4692afd4","artifacts/release/visual_closure/reference/previews/IMG_4851.jpg","subscription","en","light","subscription offer and entitlement state","/plans","honest store plans and entitlements","deterministic fake catalog required to exercise store callbacks without granting entitlement","real product retrieval billing UI receipts and entitlement refresh remain external","captured injected catalog and verified purchase restore and manage dispatch exactly once","lib/features/commerce/presentation/bil_store_plans_page.dart","independent_visual_review_limited_state_acceptance","test/visual_closure/goldens/visual_closure_store_plans_phone_2.png","88602","c6162eb9627e11767d10894166794abcc59bdcfa80efa2853bc36df8a26f3cff"
"4852","IMG_4852.PNG","6d81c689b2685f393277b6e8dae40448ce56ad5985578e9c421d62ffb4526457","artifacts/release/visual_closure/reference/previews/IMG_4852.jpg","subscription","en","light","subscription offer and entitlement state","/wellness/workouts","honest store plans and entitlements","implemented with truthful unavailable states; production capture missing","dense promotional hierarchy and excessive hero rounding","production page refined; refreshed golden required","lib/features/wellness/presentation/workout_library_page.dart","approved_visual_equivalence","test/visual_closure/goldens/visual_closure_workout_library_phone.png","162239","7d040b896e9386f3a84fe381cd50378babc9606b5e7eaf8e6124a15c418a5022"
"4853","IMG_4853.PNG","80d220c1f2f1bf5c4458d3d8335a3f3324fc415394ad98cd3ca5795f8a6fc85d","artifacts/release/visual_closure/reference/previews/IMG_4853.jpg","workout discovery","en","light","workout discovery, detail or routine state","/wellness/workouts","trusted professional workout collections","implemented; reference-specific visual evidence missing","library margins diverged from the canonical phone rhythm","production page refined; refreshed golden required","lib/features/wellness/presentation/professional_content_library_page.dart","approved_visual_equivalence","test/visual_closure/goldens/visual_closure_workout_log_phone.png","128984","ab0f1eb073c595ce6b7548b3a93c420fca973bc10e465235ea2a7250cc2ed900"
"4854","IMG_4854.PNG","80a4b0f28ba476c514df5e757a4bd1dc06c42ebeef38e0b8b62bc41054caad69","artifacts/release/visual_closure/reference/previews/IMG_4854.jpg","workout discovery","en","light","workout discovery, detail or routine state","/wellness/workouts","trusted professional workout collections","implemented; reference-specific visual evidence missing","library margins diverged from the canonical phone rhythm","production page refined; refreshed golden required","lib/features/wellness/presentation/professional_content_library_page.dart","approved_visual_equivalence","test/visual_closure/goldens/visual_closure_workout_log_phone_2.png","128222","f914e5c0090fb8cdfe7da46b62028718e3fdc8628a0d43567437a7bc380ff430"
"4855","IMG_4855.PNG","e8e42801d68025760c74b0f94f437578f3b2de0327570e8ede6e092beece2511","artifacts/release/visual_closure/reference/previews/IMG_4855.jpg","workout discovery","en","light","workout discovery, detail or routine state","/wellness/workouts","trusted professional workout collections","implemented; reference-specific visual evidence missing","library margins diverged from the canonical phone rhythm","production page refined; refreshed golden required","lib/features/wellness/presentation/professional_content_library_page.dart","approved_visual_equivalence","test/visual_closure/goldens/visual_closure_workout_log_phone_3.png","130928","c5a8d61a990a682b6b4d6b718a5ba2ffbc2fc01b5ccbcd2fe4bf38fe783936c0"
"4856","IMG_4856.PNG","7ca91b5dcbdc5464fcb0f849c1adbfebb42c204ced705d88c033c9aeeaaca3f9","artifacts/release/visual_closure/reference/previews/IMG_4856.jpg","workout discovery","en","light","workout discovery, detail or routine state","/wellness/workouts","trusted professional workout collections","implemented; reference-specific visual evidence missing","library margins diverged from the canonical phone rhythm","production page refined; refreshed golden required","lib/features/wellness/presentation/professional_content_library_page.dart","approved_visual_equivalence","test/visual_closure/goldens/visual_closure_workout_log_phone_4.png","129874","c886a82f189692bc181da32e17465211cd43fc050059f84a267206db0959dfcb"
"4857","IMG_4857.PNG","d9b005b030fd549228ec4339b17a0c6a7ca85b007aed6699f3f47c385f87ab7d","artifacts/release/visual_closure/reference/previews/IMG_4857.jpg","workout discovery","en","light","workout discovery, detail or routine state","/wellness/workouts","trusted professional workout collections","implemented; reference-specific visual evidence missing","library margins diverged from the canonical phone rhythm","production page refined; refreshed golden required","lib/features/wellness/presentation/professional_content_library_page.dart","approved_visual_equivalence","test/visual_closure/goldens/visual_closure_workout_my_exercises_phone.png","131057","247e65eceaef328f6974672bbd1c8f7117e0387d52e58244acf8189a0cb32967"
"4858","IMG_4858.PNG","c7ceb6d954a88622d5e244652f77f5b3d3b744c296b6da5f133754bfb8f77bb1","artifacts/release/visual_closure/reference/previews/IMG_4858.jpg","workout discovery","en","light","workout discovery, detail or routine state","/wellness/workouts","trusted professional workout collections","implemented; reference-specific visual evidence missing","library margins diverged from the canonical phone rhythm","production page refined; refreshed golden required","lib/features/wellness/presentation/professional_content_library_page.dart","approved_visual_equivalence","test/visual_closure/goldens/visual_closure_workout_entry_core_phone.png","29387","11f945eb42d690056f76ddb09e24e0df101721f649e349d8c1cf981a28549bfb"
"4859","IMG_4859.PNG","facc2570708bae830368f41539501c8dbb55523a540bcc17b4293db5be31af1e","artifacts/release/visual_closure/reference/previews/IMG_4859.jpg","workout routines","en","light","workout discovery, detail or routine state","/wellness/workouts/log","saved and custom routines","implemented; reference-specific visual evidence missing","required refreshed production evidence against the reference family","pre-existing production flow retained; refreshed golden proves current implementation","lib/features/wellness/presentation/workout_library_page.dart","approved_visual_equivalence","test/visual_closure/goldens/visual_closure_workout_routines_saved_phone.png","55773","e138928371b90a60772a8e39bd33fa5486cfa7605bd45c0301766c07bdd93e62"
"4860","IMG_4860.PNG","422b3bcc51fe64cbbd71b69259997cc2f2be376717e9f149819fe2a2ab5a3d7e","artifacts/release/visual_closure/reference/previews/IMG_4860.jpg","workout routines","en","light","workout discovery, detail or routine state","/wellness/workouts/log","saved and custom routines","implemented; reference-specific visual evidence missing","required refreshed production evidence against the reference family","pre-existing production flow retained; refreshed golden proves current implementation","lib/features/wellness/presentation/workout_library_page.dart","approved_visual_equivalence","test/visual_closure/goldens/visual_closure_workout_routine_builder_phone.png","22093","4eb2546d7dfd84b1c62bd4936aee0bf5e6f88d3a150e1fab7117a48fb7a42c5a"
"4861","IMG_4861.PNG","b1b674a5ae14f31453484511ac45aecc11f208f5b2b6b6872055ea9854b12d47","artifacts/release/visual_closure/reference/previews/IMG_4861.jpg","apps and devices","en","light","permission denied with recovery actions","/connected-health","supported health and device sources","implemented with truthful unavailable states; production capture missing","content margins diverged from the canonical phone rhythm","production page refined; refreshed golden required","lib/features/connected_health/connected_health_page.dart","independent_visual_review_limited_family_acceptance","test/visual_closure/goldens/visual_closure_connected_health_permission_phone.png","85790","48319e82ae31506c6203983af5b6d7f084b0f8fba35243d05f88983cee4668dd"
"4862","IMG_4862.PNG","dc70cebda9447e91c0735ca1008d41c2476fd50e54b56a509daadae85add02f9","artifacts/release/visual_closure/reference/previews/IMG_4862.jpg","apps and devices","en","light","supported connection compatibility disclosure","/connected-health","supported health and device sources","implemented with truthful unavailable states; production capture missing","content margins diverged from the canonical phone rhythm","production page refined; refreshed golden required","lib/features/connected_health/connected_health_page.dart","independent_visual_review_limited_family_acceptance","test/visual_closure/goldens/visual_closure_connected_health_compatibility_phone.png","56724","c430c5684203908ee031cb3c466d69c35ca35a7b1e6bf5638b11fa1dabf0bc13"
"4863","IMG_4863.PNG","3fd8039f2965a7dedcf5a435113475d8f50104d718454441cb219b4ae02e78f6","artifacts/release/visual_closure/reference/previews/IMG_4863.jpg","apps and devices","en","light","unsupported platform unavailable state","/connected-health","supported health and device sources","implemented with truthful unavailable states; production capture missing","content margins diverged from the canonical phone rhythm","production page refined; refreshed golden required","lib/features/connected_health/connected_health_page.dart","independent_visual_review_limited_family_acceptance","test/visual_closure/goldens/visual_closure_connected_health_unavailable_phone.png","85790","48319e82ae31506c6203983af5b6d7f084b0f8fba35243d05f88983cee4668dd"
"4864","IMG_4864.PNG","c5dfed54a909a3d73bfdaa2fa54e2dbd42d2402b507969abc24c24628824f22b","artifacts/release/visual_closure/reference/previews/IMG_4864.jpg","apps and devices","en","light","provider update required state","/connected-health","supported health and device sources","implemented with truthful unavailable states; production capture missing","content margins diverged from the canonical phone rhythm","production page refined; refreshed golden required","lib/features/connected_health/connected_health_page.dart","independent_visual_review_limited_family_acceptance","test/visual_closure/goldens/visual_closure_connected_health_update_required_phone.png","85790","48319e82ae31506c6203983af5b6d7f084b0f8fba35243d05f88983cee4668dd"
"4865","IMG_4865.PNG","f2d5309e958ba297eccb93e537bae9b940fcb33c3158bc8098cdbc299747d622","artifacts/release/visual_closure/reference/previews/IMG_4865.jpg","apps and devices","en","light","offline degraded state with local-data preservation","/connected-health","supported health and device sources","implemented with truthful unavailable states; production capture missing","content margins diverged from the canonical phone rhythm","production page refined; refreshed golden required","lib/features/connected_health/connected_health_page.dart","independent_visual_review_limited_family_acceptance","test/visual_closure/goldens/visual_closure_connected_health_offline_phone.png","85790","48319e82ae31506c6203983af5b6d7f084b0f8fba35243d05f88983cee4668dd"
"4866","IMG_4866.PNG","45705b64a751bdf23d11ed52355f183c764b525c823a8b1c8b1f7d52445cb703","artifacts/release/visual_closure/reference/previews/IMG_4866.jpg","friends","en","light","friend discovery, request or empty state","/community/connections","friends, requests and invitations","authenticated repository-backed Community family state captured","external web profile layout is intentionally represented by BIL authenticated Community family evidence","authenticated hub and profile evidence reviewed with cloud data paths verified","lib/features/community/presentation/community_connections_page.dart","direct_limited_equivalence_accepted","test/visual_closure/goldens/visual_closure_community_friend_authenticated_phone.png","19614","e529b0993396f89028b9d5d85ef983d6773b08c97e68f73f5f4aec4d44f9c015"
"4867","IMG_4867.PNG","e112550004682618ee08db357a4c9a0cf760fd36bd33652e1002511787d551a4","artifacts/release/visual_closure/reference/previews/IMG_4867.jpg","friends","en","light","friend discovery, request or empty state","/community/connections","friends, requests and invitations","implemented with truthful unavailable states; production capture missing","signed-out state lacked a mature actionable surface","production page refined; refreshed golden required","lib/features/community/presentation/community_connections_page.dart","direct_limited_equivalence_accepted","test/visual_closure/goldens/visual_closure_community_request_authenticated_phone.png","24145","1822c6ab4c963fd6bc4624ec1dd5d3d75d5dfdff9aed4cdb75c7f1adb9cea635"
"4868","IMG_4868.PNG","be381d09a0d812593ec0d5f0e8318e3f16c7feae1b4604f6753dd1b0721a2c64","artifacts/release/visual_closure/reference/previews/IMG_4868.jpg","friends","en","light","friend discovery, request or empty state","/community/people","friends, requests and invitations","implemented with truthful unavailable states; production capture missing","signed-out state lacked a mature actionable surface","production page refined; refreshed golden required","lib/features/community/presentation/community_people_page.dart","direct_limited_equivalence_accepted","test/visual_closure/goldens/visual_closure_community_add_friends_authenticated_phone.png","18964","602cb6a134300b0a9a340f15119f5704798a5f275c131b9f84902920e2ee6747"
"4869","IMG_4869.PNG","4642194ca6668cb7265738382d1b4849a06bc5590af8827afbdb7cbe0991820c","artifacts/release/visual_closure/reference/previews/IMG_4869.jpg","friends","en","light","friend discovery, request or empty state","/community/people","friends, requests and invitations","implemented with truthful unavailable states; production capture missing","signed-out state lacked a mature actionable surface","production page refined; refreshed golden required","lib/features/community/presentation/community_people_page.dart","direct_limited_equivalence_accepted","test/visual_closure/goldens/visual_closure_community_people_search_authenticated_phone.png","17818","8517ba3571a96cee5f0903169848aa4f5ba51e106f498c1fa3410c6794c2b331"
"4870","IMG_4870.PNG","ca964fa66d097f383ca50796744cf8fc31f288418b8ac00260f821ec0b75e38c","artifacts/release/visual_closure/reference/previews/IMG_4870.jpg","community profile","en","light","community profile state","/community/profile","profile and community identity","implemented; reference-specific visual evidence missing","required refreshed production evidence against the reference family","production page refined; refreshed golden required","lib/features/community/presentation/community_profile_page.dart","family_equivalent_limited_acceptance","test/visual_closure/goldens/visual_closure_community_profile_authenticated_phone.png","44906","5113dd4b336531f809cdb5884cfb011964c81179bc26d8f529e81f5868901c60"
"4871","IMG_4871.PNG","2dc667885709dcf44983811f619ff40cf26eb9d602979486ebe8d7e2242a0825","artifacts/release/visual_closure/reference/previews/IMG_4871.jpg","community profile","en","light","community profile state","/community/profile","profile and community identity","implemented; reference-specific visual evidence missing","required refreshed production evidence against the reference family","production page refined; refreshed golden required","lib/features/community/presentation/community_profile_page.dart","family_equivalent_limited_acceptance","test/visual_closure/goldens/visual_closure_community_profile_authenticated_phone.png","44906","5113dd4b336531f809cdb5884cfb011964c81179bc26d8f529e81f5868901c60"
"4872","IMG_4872.PNG","5e9ff8df79b1579e382ce18e36828454ff04368eaa509c3f4abf47c852c94547","artifacts/release/visual_closure/reference/previews/IMG_4872.jpg","community notifications","en","light","authoritative empty community updates","/community/notifications","friend requests and unread messages","implemented; reference-specific visual evidence missing","required refreshed production evidence against the reference family","production page refined; refreshed golden required","lib/features/community/presentation/community_notifications_page.dart","direct_limited_equivalence_accepted","test/visual_closure/goldens/visual_closure_community_notifications_empty_authenticated_phone.png","15600","89d8b8261c2c599b094a4806c81db21d10f3d541992672561c5f1e247e736b02"
"4873","IMG_4873.PNG","f56a410f2254e08f7758f6f1c082ab5721fb12eb0c13429946fd336ef583e935","artifacts/release/visual_closure/reference/previews/IMG_4873.jpg","profile","en","light","profile, body, calorie, macro or nutrient goal state","/profile-settings","profile identity and health goals","implemented and previously visually tested","required refreshed production evidence against the reference family","pre-existing production flow retained; refreshed golden proves current implementation","lib/features/profile/premium_profile_page.dart","unmatched_until_human_or_pixel_review_passes","test/visual_closure/goldens/visual_closure_profile_phone.png","39225","935e70219905e694fcea9a533b425ec6db459519397957cbf802b86e502a6907"
"4874","IMG_4874.PNG","1c44bd79fdf3ae75128df3d742e8f8d22128625fb86b02a2ac119e1fbf14cdb5","artifacts/release/visual_closure/reference/previews/IMG_4874.jpg","profile","en","light","profile, body, calorie, macro or nutrient goal state","/profile-settings","profile identity and health goals","implemented and previously visually tested","required refreshed production evidence against the reference family","pre-existing production flow retained; refreshed golden proves current implementation","lib/features/profile/premium_profile_page.dart","unmatched_until_human_or_pixel_review_passes","test/visual_closure/goldens/visual_closure_profile_goals_phone.png","52766","e8c3ff2403c39eccbc0d64e18fd5630b9e6e251acd77282f0e12f4cb2c3dcc19"
"4875","IMG_4875.PNG","6d52fe1bf240dc81eeb5346b924c0f3b9853a1de148bb729bd37679935991123","artifacts/release/visual_closure/reference/previews/IMG_4875.jpg","goals","en","light","profile, body, calorie, macro or nutrient goal state","/profile-settings","weight, macro and nutrient goals","implemented and previously visually tested","required refreshed production evidence against the reference family","pre-existing production flow retained; refreshed golden proves current implementation","lib/features/profile/premium_profile_page.dart","unmatched_until_human_or_pixel_review_passes","test/visual_closure/goldens/visual_closure_profile_goals_phone.png","52766","e8c3ff2403c39eccbc0d64e18fd5630b9e6e251acd77282f0e12f4cb2c3dcc19"
"4876","IMG_4876.PNG","b1f741b64229bcb0b5f1e35d6d61d3b4646b64ec870a67da7b06ecbefecef158","artifacts/release/visual_closure/reference/previews/IMG_4876.jpg","goals","en","light","profile, body, calorie, macro or nutrient goal state","/profile-settings","weight, macro and nutrient goals","implemented and previously visually tested","required refreshed production evidence against the reference family","pre-existing production flow retained; refreshed golden proves current implementation","lib/features/profile/premium_profile_page.dart","unmatched_until_human_or_pixel_review_passes","test/visual_closure/goldens/visual_closure_dashboard_phone.png","82577","1fb764f8fe2f869a1d9c8bf0d0d628562b63a1b1581f6086a074635b7ae7e4c8"
"4877","IMG_4877.PNG","5c1d91b57864cc47bd62d42258b434902b299bda866e2c8bc9b0a7b62cfb8275","artifacts/release/visual_closure/reference/previews/IMG_4877.jpg","goals","en","light","profile, body, calorie, macro or nutrient goal state","/profile-settings","weight, macro and nutrient goals","implemented and previously visually tested","required refreshed production evidence against the reference family","pre-existing production flow retained; refreshed golden proves current implementation","lib/features/profile/premium_profile_page.dart","unmatched_until_human_or_pixel_review_passes","test/visual_closure/goldens/visual_closure_dashboard_preferences_calories_phone.png","46886","c329b8969f12495a6daac6d83f493584fc04ac6746869ce62e50f54ad92c6415"
"4878","IMG_4878.PNG","02b0e506e1148c007eba48ffad6c58504b56e3ae4e989a695127d8cd71f3a056","artifacts/release/visual_closure/reference/previews/IMG_4878.jpg","dashboard customization","en","light","dashboard goal selection and customization state","/dashboard","goal cards and source selection","implemented; reference-specific visual evidence missing","required refreshed production evidence against the reference family","production surface refined in dashboard header and top bar; refreshed golden required","lib/features/dashboard/dashboard_page.dart","unmatched_until_human_or_pixel_review_passes","test/visual_closure/goldens/visual_closure_dashboard_preferences_phone.png","48270","14c3aa316d3de75e0b0c016f0d07177a0649f18debce54c4a0905127d4142864"
"4879","IMG_4879.PNG","7d83691f9cf2a0f4a51ff25c4f5949e4c49af42f7001d877fb8ff2d5f9bf3575","artifacts/release/visual_closure/reference/previews/IMG_4879.jpg","dashboard customization","en","light","dashboard goal selection and customization state","/dashboard","goal cards and source selection","implemented; reference-specific visual evidence missing","required refreshed production evidence against the reference family","production surface refined in dashboard header and top bar; refreshed golden required","lib/features/dashboard/dashboard_page.dart","unmatched_until_human_or_pixel_review_passes","test/visual_closure/goldens/visual_closure_dashboard_preferences_phone_2.png","46607","a89158b2be4500ba8288d26590040deb1a424270d129df42ca225974ea9498b7"
"4880","IMG_4880.PNG","e9b79233fb951cdd719a1acc73a02a9817cbe483595eecc00c4256288d7c3306","artifacts/release/visual_closure/reference/previews/IMG_4880.jpg","dashboard customization","en","light","dashboard goal selection and customization state","/dashboard","goal cards and source selection","implemented; reference-specific visual evidence missing","required refreshed production evidence against the reference family","production surface refined in dashboard header and top bar; refreshed golden required","lib/features/dashboard/dashboard_page.dart","unmatched_until_human_or_pixel_review_passes","test/visual_closure/goldens/visual_closure_dashboard_preferences_calories_phone.png","46886","c329b8969f12495a6daac6d83f493584fc04ac6746869ce62e50f54ad92c6415"
"4881","IMG_4881.PNG","207c1ee4164e15fae6d2093d5341b005fc572987856ff4e6ff24c5cfe2bf39ce","artifacts/release/visual_closure/reference/previews/IMG_4881.jpg","dashboard customization","en","light","dashboard goal selection and customization state","/dashboard","goal cards and source selection","implemented; reference-specific visual evidence missing","required refreshed production evidence against the reference family","production surface refined in dashboard header and top bar; refreshed golden required","lib/features/dashboard/dashboard_page.dart","unmatched_until_human_or_pixel_review_passes","test/visual_closure/goldens/visual_closure_dashboard_preferences_macros_phone.png","43800","e2aac2eb9f7b3f2eae1f5a1b7031515c27fb17691ef93357fb782c4c8fc6ad80"
"4882","IMG_4882.PNG","cf9c3a84ec02c0ce7d084bce9ea4943d93fa48c085529cbb197c034f2ce2b38c","artifacts/release/visual_closure/reference/previews/IMG_4882.jpg","dashboard customization","en","light","dashboard goal selection and customization state","/dashboard","goal cards and source selection","implemented; reference-specific visual evidence missing","required refreshed production evidence against the reference family","production surface refined in dashboard header and top bar; refreshed golden required","lib/features/dashboard/dashboard_page.dart","unmatched_until_human_or_pixel_review_passes","test/visual_closure/goldens/visual_closure_dashboard_preferences_activity_phone.png","43801","d5a42afc20576528e604448997ac01739fd777c2beec2d1ecc837eb750c8336a"
"4883","IMG_4883.PNG","c258c65a60b159effb2505a7e73dd3f137fb99912af60fa792d8ca3ec23782b1","artifacts/release/visual_closure/reference/previews/IMG_4883.jpg","dashboard customization","en","light","dashboard goal selection and customization state","/dashboard","goal cards and source selection","implemented; reference-specific visual evidence missing","required refreshed production evidence against the reference family","production surface refined in dashboard header and top bar; refreshed golden required","lib/features/dashboard/dashboard_page.dart","unmatched_until_human_or_pixel_review_passes","test/visual_closure/goldens/visual_closure_dashboard_preferences_quick_log_phone.png","45878","967bb5df19f0fa59040e6e833eb2d22d0efadc78a020f1d4b4396ed262f5b9eb"
"4884","IMG_4884.PNG","eb9d213c46488f83b123f891892680021473a105ca8356dfbbac22aacccad2ae","artifacts/release/visual_closure/reference/previews/IMG_4884.jpg","dashboard customization","en","light","dashboard goal selection and customization state","/dashboard","goal cards and source selection","implemented; reference-specific visual evidence missing","required refreshed production evidence against the reference family","production surface refined in dashboard header and top bar; refreshed golden required","lib/features/dashboard/dashboard_page.dart","unmatched_until_human_or_pixel_review_passes","test/visual_closure/goldens/visual_closure_dashboard_preferences_discover_phone.png","41619","aa3cd11c93033c6d0784099be9d481de420d643b28bf6ca771bb68ebbbdb0493"
"4885","IMG_4885.PNG","35a5b015cf9eb8fd2d0401f373d7ffa560dd51f6a9542d26e8e9ad1f57df20cf","artifacts/release/visual_closure/reference/previews/IMG_4885.jpg","dashboard customization","en","light","dashboard goal selection and customization state","/dashboard","goal cards and source selection","implemented; reference-specific visual evidence missing","required refreshed production evidence against the reference family","production surface refined in dashboard header and top bar; refreshed golden required","lib/features/dashboard/dashboard_page.dart","unmatched_until_human_or_pixel_review_passes","test/visual_closure/goldens/visual_closure_dashboard_preferences_best_action_phone.png","45593","bee590ef8491b164357703243c3803557898c809be4d67ee07e6ec992cea17ed"
"4886","IMG_4886.PNG","bbc5031463a9aadac178c578a4caea918171c07a88360240f39010f00960144c","artifacts/release/visual_closure/reference/previews/IMG_4886.jpg","dashboard customization","en","light","dashboard goal selection and customization state","/dashboard","goal cards and source selection","implemented; reference-specific visual evidence missing","required refreshed production evidence against the reference family","production surface refined in dashboard header and top bar; refreshed golden required","lib/features/dashboard/dashboard_page.dart","unmatched_until_human_or_pixel_review_passes","test/visual_closure/goldens/visual_closure_dashboard_preferences_daily_intelligence_phone.png","39805","317a6bd19f20411fb53361b310d6b0018bba9ca00149ef4fc9f3799751d3c44d"
"4887","IMG_4887.PNG","102d4ca06d31e0d8e5e7734b720aafff1316d87d10c13afb0f6ab5b0c5aa56d0","artifacts/release/visual_closure/reference/previews/IMG_4887.jpg","dashboard customization","en","light","dashboard goal selection and customization state","/dashboard","goal cards and source selection","implemented; reference-specific visual evidence missing","required refreshed production evidence against the reference family","production surface refined in dashboard header and top bar; refreshed golden required","lib/features/dashboard/dashboard_page.dart","unmatched_until_human_or_pixel_review_passes","test/visual_closure/goldens/visual_closure_dashboard_preferences_progress_phone.png","41825","310091946bee60aee4320ff83fc890ae5d891c0d91bf3582a431200271d18798"
"4888","IMG_4888.PNG","89e04d03bf3062f16e6f12b1c94fa2081798e64bb11d101d031d840eb608bd9a","artifacts/release/visual_closure/reference/previews/IMG_4888.jpg","dashboard customization","en","light","dashboard goal selection and customization state","/dashboard","goal cards and source selection","implemented; reference-specific visual evidence missing","required refreshed production evidence against the reference family","production surface refined in dashboard header and top bar; refreshed golden required","lib/features/dashboard/dashboard_page.dart","unmatched_until_human_or_pixel_review_passes","test/visual_closure/goldens/visual_closure_dashboard_preferences_connected_health_phone.png","43288","d3b0e181baaef5a7d20c929bcf48cddc0869838c872da2c7523c940c7e41fba9"
"4889","IMG_4889.PNG","5720d25615ed907868916ee06017d309510d13f4fb87596a947f1976b6c82674","artifacts/release/visual_closure/reference/previews/IMG_4889.jpg","dashboard customization","en","light","dashboard goal selection and customization state","/dashboard","goal cards and source selection","implemented; reference-specific visual evidence missing","required refreshed production evidence against the reference family","production surface refined in dashboard header and top bar; refreshed golden required","lib/features/dashboard/dashboard_page.dart","unmatched_until_human_or_pixel_review_passes","test/visual_closure/goldens/visual_closure_dashboard_preferences_body_twin_phone.png","43314","1e8e96c50ca5847cf024566d2072723791d7e78e01d90848fb4352aa141f87a9"
"4890","IMG_4890.PNG","e25a8d8449e8192fb3eed6d8494000b36d90527a3debce2ca5ffe74cbd792ab3","artifacts/release/visual_closure/reference/previews/IMG_4890.jpg","quick add","en","light","quick-action menu","/dashboard","food, barcode, voice, photo, water, weight and exercise shortcuts","implemented; reference-specific visual evidence missing","required refreshed production evidence against the reference family","production surface refined in dashboard header and top bar; refreshed golden required","lib/features/dashboard/dashboard_page.dart","unmatched_until_human_or_pixel_review_passes","test/visual_closure/goldens/quick_add_en_light_phone.png","50143","7b969b1905100e8b5d024ea68a9f7f17e084ec8a39736a0231ef762fcffec0a0"
"4891","IMG_4891.PNG","a859db6bea06c249cca44869f29494d4435cc826ed1aaaa934ceecaba59c1309","artifacts/release/visual_closure/reference/previews/IMG_4891.jpg","water entry","en","light","water amount entry","/daily-log?action=water","validated water entry","implemented; reference-specific visual evidence missing","required refreshed production evidence against the reference family","pre-existing production flow retained; refreshed golden proves current implementation","lib/features/daily_log/daily_log_page.dart","unmatched_until_human_or_pixel_review_passes","test/visual_closure/goldens/visual_closure_daily_log_water_entry_phone.png","19965","f5645de2db56c95b1ec90bfcfa42636a9801a7f9c43c7165d3bf309c153f80fa"
"4892","IMG_4892.PNG","067e227deebc2727ea37233ea1a174d6636155d37d49cc05dae406c5634adcdf","artifacts/release/visual_closure/reference/previews/IMG_4892.jpg","weight entry","en","light","dated weight entry","/daily-check-in","dated weight entry","implemented; reference-specific visual evidence missing","required refreshed production evidence against the reference family","pre-existing production flow retained; refreshed golden proves current implementation","lib/features/daily_check_in/daily_check_in_page.dart","unmatched_until_human_or_pixel_review_passes","test/visual_closure/goldens/visual_closure_daily_check_in_phone.png","130861","163e308712a941bfc41e7076e1634f580333f5ccd8601917330703164f458b19"
"4893","IMG_4893.PNG","d4079823afe08472cbeb9e191516d03e8d316f293a4b9db05da20611854c56bd","artifacts/release/visual_closure/reference/previews/IMG_4893.jpg","exercise entry","en","light","exercise search, selection, custom or multi-add state","/wellness/workouts/log","exercise search, custom exercise and multi-add","implemented; reference-specific visual evidence missing","required refreshed production evidence against the reference family","pre-existing production flow retained; refreshed golden proves current implementation","lib/features/wellness/presentation/workout_library_page.dart","unmatched_until_human_or_pixel_review_passes","test/visual_closure/goldens/visual_closure_workout_entry_walk_phone.png","28698","574d5819fc4def47fda42fb4cc8fb4fcc17e5a86e8769846918d66f277f38387"
"4894","IMG_4894.PNG","7a931b6d55acf485fd034b7f69a067fae005cae0276f985b8fc7f9865fc33083","artifacts/release/visual_closure/reference/previews/IMG_4894.jpg","exercise entry","en","light","exercise search, selection, custom or multi-add state","/wellness/workouts/log","exercise search, custom exercise and multi-add","implemented; reference-specific visual evidence missing","required refreshed production evidence against the reference family","pre-existing production flow retained; refreshed golden proves current implementation","lib/features/wellness/presentation/workout_library_page.dart","unmatched_until_human_or_pixel_review_passes","test/visual_closure/goldens/visual_closure_workout_entry_run_phone.png","29211","560946b8b68adff83c17f66eab1cc33d6a733eec4a14019dc37687ee02729750"
"4895","IMG_4895.PNG","f38ea93e1128b31dcc0c69873e21d61630b1f0f7439dcf66d81f596e9bc466d4","artifacts/release/visual_closure/reference/previews/IMG_4895.jpg","exercise entry","en","light","exercise search, selection, custom or multi-add state","/wellness/workouts/log","exercise search, custom exercise and multi-add","implemented; reference-specific visual evidence missing","required refreshed production evidence against the reference family","pre-existing production flow retained; refreshed golden proves current implementation","lib/features/wellness/presentation/workout_library_page.dart","unmatched_until_human_or_pixel_review_passes","test/visual_closure/goldens/visual_closure_workout_entry_cycle_phone.png","29378","7e59dab9968ad09a296a1053592ea1e6d0ba8bf4726008af52575d60c255a006"
"4896","IMG_4896.PNG","b0b4720c239ed55e1aef20dbe3c6eaf6a14b7727e8bef5c4af713422e01cbb1b","artifacts/release/visual_closure/reference/previews/IMG_4896.jpg","exercise entry","en","light","exercise search, selection, custom or multi-add state","/wellness/workouts/log","exercise search, custom exercise and multi-add","implemented; reference-specific visual evidence missing","required refreshed production evidence against the reference family","pre-existing production flow retained; refreshed golden proves current implementation","lib/features/wellness/presentation/workout_library_page.dart","unmatched_until_human_or_pixel_review_passes","test/visual_closure/goldens/visual_closure_workout_entry_swim_phone.png","28364","1d26cd6bf835ef67a7b61e8b91befb2fcc3e590b6c430e436dbd0401e3fa0fb3"
"4897","IMG_4897.PNG","f07ed8575fdd441a29dd7e044c545f08ad97f30fdd4df8e91ed4d1b23750dcb4","artifacts/release/visual_closure/reference/previews/IMG_4897.jpg","exercise entry","en","light","exercise search, selection, custom or multi-add state","/wellness/workouts/log","exercise search, custom exercise and multi-add","implemented; reference-specific visual evidence missing","required refreshed production evidence against the reference family","pre-existing production flow retained; refreshed golden proves current implementation","lib/features/wellness/presentation/workout_library_page.dart","unmatched_until_human_or_pixel_review_passes","test/visual_closure/goldens/visual_closure_workout_entry_strength_phone.png","56793","cb2ffd2480422739daa2ea235a8f1fd8021305506eb3f26e68df135ff8ce148f"
"4898","IMG_4898.PNG","6f28be414c3394b06957f2fdc15f35623b4bbe6670ef58608b01c2205f734e92","artifacts/release/visual_closure/reference/previews/IMG_4898.jpg","exercise entry","en","light","exercise search, selection, custom or multi-add state","/wellness/workouts/log","exercise search, custom exercise and multi-add","implemented; reference-specific visual evidence missing","required refreshed production evidence against the reference family","pre-existing production flow retained; refreshed golden proves current implementation","lib/features/wellness/presentation/workout_library_page.dart","unmatched_until_human_or_pixel_review_passes","test/visual_closure/goldens/visual_closure_workout_entry_upper_phone.png","29294","df7e242adaad9b14f279bed41418a740ad576ccac5143334ead5ac6fad063e69"
"4899","IMG_4899.PNG","d5dd11095b2540c0b2157f1e97bffd4c480af7b2ebbbf9df5d3a26bbd0aa7db2","artifacts/release/visual_closure/reference/previews/IMG_4899.jpg","exercise entry","en","light","exercise search, selection, custom or multi-add state","/wellness/workouts/log","exercise search, custom exercise and multi-add","implemented; reference-specific visual evidence missing","required refreshed production evidence against the reference family","pre-existing production flow retained; refreshed golden proves current implementation","lib/features/wellness/presentation/workout_library_page.dart","unmatched_until_human_or_pixel_review_passes","test/visual_closure/goldens/visual_closure_workout_entry_lower_phone.png","30497","5d66ef5c8ecd619e13abc7ba63bb75c109a7d468a15bcd6f2ff46bf3eb439f64"
"4900","IMG_4900.PNG","e781bb1cd369599aa28344391863180ade26f4257fc0b7fed158754bca633551","artifacts/release/visual_closure/reference/previews/IMG_4900.jpg","exercise entry","en","light","exercise search, selection, custom or multi-add state","/wellness/workouts/log","exercise search, custom exercise and multi-add","implemented; reference-specific visual evidence missing","required refreshed production evidence against the reference family","pre-existing production flow retained; refreshed golden proves current implementation","lib/features/wellness/presentation/workout_library_page.dart","unmatched_until_human_or_pixel_review_passes","test/visual_closure/goldens/visual_closure_workout_entry_core_phone.png","29387","11f945eb42d690056f76ddb09e24e0df101721f649e349d8c1cf981a28549bfb"
"4901","IMG_4901.PNG","14a53976dd1d119d8a2b78ee5cfd0f52cff711166220a3a2413a93e03f060dbe","artifacts/release/visual_closure/reference/previews/IMG_4901.jpg","exercise entry","en","light","exercise search, selection, custom or multi-add state","/wellness/workouts/log","exercise search, custom exercise and multi-add","implemented; reference-specific visual evidence missing","required refreshed production evidence against the reference family","pre-existing production flow retained; refreshed golden proves current implementation","lib/features/wellness/presentation/workout_library_page.dart","unmatched_until_human_or_pixel_review_passes","test/visual_closure/goldens/visual_closure_workout_entry_circuit_phone.png","28846","e5c83704363b5b368b6313860cbff4c364fb932d41bb0a66a13f92a389dc1365"
"4902","IMG_4902.PNG","45609655f8c53897b49b22f0fcf552b6ab45062dc4054d47a90dfc423a0203aa","artifacts/release/visual_closure/reference/previews/IMG_4902.jpg","exercise entry","en","light","exercise search, selection, custom or multi-add state","/wellness/workouts/log","exercise search, custom exercise and multi-add","implemented; reference-specific visual evidence missing","required refreshed production evidence against the reference family","pre-existing production flow retained; refreshed golden proves current implementation","lib/features/wellness/presentation/workout_library_page.dart","unmatched_until_human_or_pixel_review_passes","test/visual_closure/goldens/visual_closure_workout_entry_row_phone.png","28068","1c913e887b0849a2bc7a6580e90994ae5ee81f225623d93ea06debcbfed32b8e"
"4903","IMG_4903.PNG","c11feb6e5d7c3f12fa36d27b32eef7cdd8eb658cdcc710e0ea0fcac00397c7c5","artifacts/release/visual_closure/reference/previews/IMG_4903.jpg","exercise entry","en","light","exercise search, selection, custom or multi-add state","/wellness/workouts/log","exercise search, custom exercise and multi-add","implemented; reference-specific visual evidence missing","required refreshed production evidence against the reference family","pre-existing production flow retained; refreshed golden proves current implementation","lib/features/wellness/presentation/workout_library_page.dart","unmatched_until_human_or_pixel_review_passes","test/visual_closure/goldens/visual_closure_workout_entry_stairs_phone.png","28408","67ea811589bac9e63c5f408948d43cbf57d7395981fa3579c259c188249f48c8"
"4904","IMG_4904.PNG","50292fac21f9eac4859f30f9994db8cd0b7aa1cbf4507294d8e2392d1d1326bb","artifacts/release/visual_closure/reference/previews/IMG_4904.jpg","exercise entry","en","light","exercise search, selection, custom or multi-add state","/wellness/workouts/log","exercise search, custom exercise and multi-add","implemented; reference-specific visual evidence missing","required refreshed production evidence against the reference family","pre-existing production flow retained; refreshed golden proves current implementation","lib/features/wellness/presentation/workout_library_page.dart","unmatched_until_human_or_pixel_review_passes","test/visual_closure/goldens/visual_closure_workout_entry_hike_phone.png","27730","1da26e58d8963c2a50cdd2d4b1f5ecde2302cf6d74145b07e7783d457ab9c65e"
"4905","IMG_4905.PNG","fc69809971f6620eb87cc86d4fc3ebe716d92fbcc023efa84a28c3e1565d0506","artifacts/release/visual_closure/reference/previews/IMG_4905.jpg","exercise entry","en","light","exercise search, selection, custom or multi-add state","/wellness/workouts/log","exercise search, custom exercise and multi-add","implemented; reference-specific visual evidence missing","required refreshed production evidence against the reference family","pre-existing production flow retained; refreshed golden proves current implementation","lib/features/wellness/presentation/workout_library_page.dart","unmatched_until_human_or_pixel_review_passes","test/visual_closure/goldens/visual_closure_workout_entry_dance_phone.png","29063","5f2df65637fac9df2fefa2a6f87e5067e0aacf16bdc54d3184daeb2242e6c58b"
"4906","IMG_4906.PNG","d35bc81dd42757cbddc9d3ac0f5eca7aca30c08707bc939437f7af36f7af2419","artifacts/release/visual_closure/reference/previews/IMG_4906.jpg","exercise entry","en","light","exercise search, selection, custom or multi-add state","/wellness/workouts/log","exercise search, custom exercise and multi-add","implemented; reference-specific visual evidence missing","required refreshed production evidence against the reference family","pre-existing production flow retained; refreshed golden proves current implementation","lib/features/wellness/presentation/workout_library_page.dart","unmatched_until_human_or_pixel_review_passes","test/visual_closure/goldens/visual_closure_workout_entry_yoga_phone.png","28133","06dceddf082effec02a71cbe4aa65dbaa04eb56b26521bd7e86315ad9407f6fb"
"4907","IMG_4907.PNG","d7ade68d3aa9b82a5eee2cf0aca74eda84facbacb3d5539fd544155aa653e577","artifacts/release/visual_closure/reference/previews/IMG_4907.jpg","exercise entry","en","light","exercise search, selection, custom or multi-add state","/wellness/workouts/log","exercise search, custom exercise and multi-add","implemented; reference-specific visual evidence missing","required refreshed production evidence against the reference family","pre-existing production flow retained; refreshed golden proves current implementation","lib/features/wellness/presentation/workout_library_page.dart","unmatched_until_human_or_pixel_review_passes","test/visual_closure/goldens/visual_closure_workout_entry_pilates_phone.png","28128","f25b40ebc3a655bf1c3fc4551d56cd28cb030931d423348a7a982d0c230f42d1"
"4908","IMG_4908.PNG","0cbc4c59deb707450c0aa45e391922e18aab9b34441e43daf549c4cc922cbd32","artifacts/release/visual_closure/reference/previews/IMG_4908.jpg","exercise entry","en","light","exercise search, selection, custom or multi-add state","/wellness/workouts/log","exercise search, custom exercise and multi-add","implemented; reference-specific visual evidence missing","required refreshed production evidence against the reference family","pre-existing production flow retained; refreshed golden proves current implementation","lib/features/wellness/presentation/workout_library_page.dart","unmatched_until_human_or_pixel_review_passes","test/visual_closure/goldens/visual_closure_workout_entry_mobility_phone.png","54992","03fc7c1b27a06d75e20c65604e8232d5ba73d49ddc1d82a5beb63b7fe608e54f"
"4909","IMG_4909.PNG","5414be8e1641b538beb6631db2a1bfa57e3a07c1c48f4f2cb22937bb5c50e612","artifacts/release/visual_closure/reference/previews/IMG_4909.jpg","exercise entry","en","light","exercise search, selection, custom or multi-add state","/wellness/workouts/log","exercise search, custom exercise and multi-add","implemented; reference-specific visual evidence missing","required refreshed production evidence against the reference family","pre-existing production flow retained; refreshed golden proves current implementation","lib/features/wellness/presentation/workout_library_page.dart","unmatched_until_human_or_pixel_review_passes","test/visual_closure/goldens/visual_closure_workout_entry_stretch_phone.png","29784","28a9464fd5cabe5499654b196fb59177cc9c6444201a66c63073e204a0debda9"
"4910","IMG_4910.PNG","99a67d81194a080b541b1674528b569cbad46c06eaf4cc9ff63de68bedf54257","artifacts/release/visual_closure/reference/previews/IMG_4910.jpg","exercise entry","en","light","exercise search, selection, custom or multi-add state","/wellness/workouts/log","exercise search, custom exercise and multi-add","implemented; reference-specific visual evidence missing","required refreshed production evidence against the reference family","pre-existing production flow retained; refreshed golden proves current implementation","lib/features/wellness/presentation/workout_library_page.dart","unmatched_until_human_or_pixel_review_passes","test/visual_closure/goldens/visual_closure_workout_entry_breathing_phone.png","30780","afefea93154641cc09bcdcda842a8876cb653291cf87be7c4844a50cbd37b8ec"
"4911","IMG_4911.PNG","cca3e9eb9e1c770819b071e79b85022db1585b9119ae1e683f700cdb25c58e8c","artifacts/release/visual_closure/reference/previews/IMG_4911.jpg","meal scan education","en","light","meal-photo education, camera or review state","/daily-log?action=photo","photo analysis, selection and review","implemented; reference-specific visual evidence missing","required refreshed production evidence against the reference family","pre-existing production flow retained; refreshed golden proves current implementation","lib/features/daily_log/daily_log_page_actions.dart","unmatched_until_human_or_pixel_review_passes","test/visual_closure/goldens/visual_closure_meal_image_guide_1_phone.png","35582","c16bdbc3cdb313249978752a2eb7f477dd3fcac74c048503bbf94372e5e41463"
"4912","IMG_4912.PNG","983d2915f185dc9c2e55b8ef4ece0f82225a93ef7c875b9a4fdfd3dbaffd2296","artifacts/release/visual_closure/reference/previews/IMG_4912.jpg","meal scan education","en","light","meal-photo education, camera or review state","/daily-log?action=photo","photo analysis, selection and review","implemented; reference-specific visual evidence missing","required refreshed production evidence against the reference family","pre-existing production flow retained; refreshed golden proves current implementation","lib/features/daily_log/daily_log_page_actions.dart","unmatched_until_human_or_pixel_review_passes","test/visual_closure/goldens/visual_closure_meal_image_guide_2_phone.png","39104","47517fac03c5042470b69b98f6917e16862575efd6c29033da8297e83d544790"
"4913","IMG_4913.PNG","c5ebbd5712caf55334b93845950fe8b5cb44d0b3d80ba00cacbe8d7c193caa9c","artifacts/release/visual_closure/reference/previews/IMG_4913.jpg","meal scan education","en","light","meal-photo education, camera or review state","/daily-log?action=photo","photo analysis, selection and review","implemented; reference-specific visual evidence missing","required refreshed production evidence against the reference family","pre-existing production flow retained; refreshed golden proves current implementation","lib/features/daily_log/daily_log_page_actions.dart","unmatched_until_human_or_pixel_review_passes","test/visual_closure/goldens/visual_closure_meal_image_guide_3_phone.png","38642","cc583491530c35c9317b10a770b5583b63ad442ad0e50db525c952e4cc7cf25a"
"4914","IMG_4914.PNG","f969cbba73177aaa651d14fcef9ce0962ec93d44d2a31f3c6ea1a28fafe7ef17","artifacts/release/visual_closure/reference/previews/IMG_4914.jpg","barcode scan","en","light","barcode camera state","/daily-log?action=barcode","camera and manual barcode lookup","implemented; reference-specific visual evidence missing","required refreshed production evidence against the reference family","pre-existing production flow retained; refreshed golden proves current implementation","lib/features/nutrition/presentation/food_barcode_scanner_page.dart","unmatched_until_human_or_pixel_review_passes","test/visual_closure/goldens/visual_closure_barcode_unavailable_phone.png","15483","84d75a34c2c18743524a6c2e57351a3c556f040b8faa7b791a5a113d10876d09"
"4915","IMG_4915.PNG","d799948245c8d628e81cd9dfe7c280fee823ed5fff41c7eb0860287bb9514ee5","artifacts/release/visual_closure/reference/previews/IMG_4915.jpg","food logging","en","light","food search results and source tabs","/daily-log?focus=meal","food search and trusted catalog results","implemented; reference-specific visual evidence missing","required refreshed production evidence against the reference family","production page refined; refreshed golden required","lib/features/daily_log/daily_log_page.dart","unmatched_until_human_or_pixel_review_passes","test/visual_closure/goldens/visual_closure_daily_log_meal_entry_phone.png","47077","8b8c6a8a5bbd72ebcacea1d27e35aa2c5294137637d45226bbad519012c78451"
"4916","IMG_4916.PNG","e738c81022748d8c58e4a01d82879ed94d08427e057141adfe1a1d910618128a","artifacts/release/visual_closure/reference/previews/IMG_4916.jpg","food logging","en","light","food search results and source tabs","/daily-log?focus=meal","food search and trusted catalog results","implemented; reference-specific visual evidence missing","required refreshed production evidence against the reference family","production page refined; refreshed golden required","lib/features/daily_log/daily_log_page.dart","unmatched_until_human_or_pixel_review_passes","test/visual_closure/goldens/visual_closure_meal_image_guide_4_phone.png","43188","2939e66f280272263c8ccb5375a5b921ab0c6c91bd633955b86ae1aae2c5aa0d"
"4917","IMG_4917.PNG","2591d40785cb831bb25785ec6576a76a2c19d790332c31f4fe17b2679c1f44a1","artifacts/release/visual_closure/reference/previews/IMG_4917.jpg","saved food content","en","light","saved meal, recipe or food state","/nutrition","saved meals, recipes and foods","implemented; reference-specific visual evidence missing","screen title and horizontal rhythm diverged from the mobile reference","production page refined; refreshed golden required","lib/features/nutrition/food_page.dart","unmatched_until_human_or_pixel_review_passes","test/visual_closure/goldens/visual_closure_food_catalog_verified_result_phone.png","196069","fbe900f7e8b1ae2412e4fec765233981a6bb7a3be5d875654a6640de134593c3"
"4918","IMG_4918.PNG","691b0710dd6a7280de23572cbdded5b16d8a6cbe2c8792898f5ffe73c91c955c","artifacts/release/visual_closure/reference/previews/IMG_4918.jpg","saved food content","en","light","saved meal, recipe or food state","/nutrition","saved meals, recipes and foods","implemented; reference-specific visual evidence missing","screen title and horizontal rhythm diverged from the mobile reference","production page refined; refreshed golden required","lib/features/nutrition/food_page.dart","unmatched_until_human_or_pixel_review_passes","test/visual_closure/goldens/visual_closure_food_catalog_favorite_result_phone.png","196041","354ff05223899b02cbbefb1f49f2415bc9436f9c5edd871ed32cca894f3d47f9"
"4919","IMG_4919.PNG","eba0a0501d67eca5e99cd828a0b5fea73ec0ea4a470c8d2e724434a9f296ab42","artifacts/release/visual_closure/reference/previews/IMG_4919.jpg","saved food content","en","light","saved meal, recipe or food state","/nutrition","saved meals, recipes and foods","implemented; reference-specific visual evidence missing","screen title and horizontal rhythm diverged from the mobile reference","production page refined; refreshed golden required","lib/features/nutrition/food_page.dart","unmatched_until_human_or_pixel_review_passes","test/visual_closure/goldens/visual_closure_food_catalog_recent_result_phone.png","196287","a473d33e2a6cd125d539712b635c51f180abb169048170c52265bcb39554c9df"
"4920","IMG_4920.PNG","3ff219a2307ad7cac30f64f600125318f3ede9b7b51909381419d9201a4d45db","artifacts/release/visual_closure/reference/previews/IMG_4920.jpg","custom food","en","light","custom food or quick nutrition form","/nutrition","custom food and quick nutrition entry","implemented; reference-specific visual evidence missing","required refreshed production evidence against the reference family","production page refined; refreshed golden required","lib/features/nutrition/food_page.dart","unmatched_until_human_or_pixel_review_passes","test/visual_closure/goldens/visual_closure_custom_food_phone.png","29135","7adeef55b062cbcf4071e31c912d3452c47d2fcc1fa0ed5b76455e04602ffcce"
"4921","IMG_4921.PNG","3147c2c6832be4d4efa4d336540d2b7444565971cb868c659bd7d7458d41abe5","artifacts/release/visual_closure/reference/previews/IMG_4921.jpg","custom food","en","light","custom food or quick nutrition form","/nutrition","custom food and quick nutrition entry","implemented; reference-specific visual evidence missing","required refreshed production evidence against the reference family","production page refined; refreshed golden required","lib/features/nutrition/food_page.dart","unmatched_until_human_or_pixel_review_passes","test/visual_closure/goldens/visual_closure_food_catalog_phone.png","191099","bf255298011341e4ee4187ff5bf3f5c24aad1ac6facb333d5cff65a797f0dc05"
"4922","IMG_4922.PNG","45f201ae06b823eaf84849d5ccea3ebc7e1c7dcfa57a50ab906c7aaae317ee5c","artifacts/release/visual_closure/reference/previews/IMG_4922.jpg","diary","en","light","daily diary meal and nutrient state","/daily-log","meals, exercise, water, nutrition and notes","implemented; reference-specific visual evidence missing","required refreshed production evidence against the reference family","pre-existing production flow retained; refreshed golden proves current implementation","lib/features/daily_log/daily_log_page.dart","unmatched_until_human_or_pixel_review_passes","test/visual_closure/goldens/visual_closure_daily_log_empty_phone.png","45479","817aa6caa9f6831db48cb7f72b0345d85537515b0cab1200724efbcc56b2003f"
"4923","IMG_4923.PNG","999e80d4057f1c00f65c518b755fb5e186da4cfc0a8b43393b7bb1975457f52b","artifacts/release/visual_closure/reference/previews/IMG_4923.jpg","diary","en","light","daily diary meal and nutrient state","/daily-log","meals, exercise, water, nutrition and notes","implemented; reference-specific visual evidence missing","required refreshed production evidence against the reference family","pre-existing production flow retained; refreshed golden proves current implementation","lib/features/daily_log/daily_log_page.dart","unmatched_until_human_or_pixel_review_passes","test/visual_closure/goldens/visual_closure_daily_log_sections_middle_phone.png","40042","85114ddf16e1ce24a539970c347966a457563d4262bc31fbf1e9ad4c774b5340"
"4924","IMG_4924.PNG","f51a4e5436081395722bfa93ff605c18ddd24d866329d55aaf14f94f369681cf","artifacts/release/visual_closure/reference/previews/IMG_4924.jpg","diary","en","light","daily diary meal and nutrient state","/daily-log","meals, exercise, water, nutrition and notes","implemented; reference-specific visual evidence missing","required refreshed production evidence against the reference family","pre-existing production flow retained; refreshed golden proves current implementation","lib/features/daily_log/daily_log_page.dart","unmatched_until_human_or_pixel_review_passes","test/visual_closure/goldens/visual_closure_daily_log_sections_lower_phone.png","35468","e71df8802643010608dc92b72dcc4f13f7b190d3fc17f76b39847778f7f902fc"
"4925","IMG_4925.PNG","cfb3f81a35ea21a0e0f937584f64f6394a922c127c18430bb0c600969ee770d7","artifacts/release/visual_closure/reference/previews/IMG_4925.jpg","dashboard goals","en","light","dashboard goal card state","/dashboard","dashboard goal presentation","implemented; reference-specific visual evidence missing","required refreshed production evidence against the reference family","production surface refined in dashboard header and top bar; refreshed golden required","lib/features/dashboard/presentation/dashboard_preferences_page.dart","unmatched_until_human_or_pixel_review_passes","test/visual_closure/goldens/visual_closure_dashboard_preferences_phone.png","48270","14c3aa316d3de75e0b0c016f0d07177a0649f18debce54c4a0905127d4142864"
"4926","IMG_4926.PNG","0ddfa5e7ed3ff6a478b73a1d099679b1855dceec64a57a48914ec8017310befb","artifacts/release/visual_closure/reference/previews/IMG_4926.jpg","progress","en","light","progress chart, range or measurement state","/history","measurements, ranges and charts","implemented; reference-specific visual evidence missing","required refreshed production evidence against the reference family","pre-existing production flow retained; refreshed golden proves current implementation","lib/features/history/progress_page.dart","unmatched_until_human_or_pixel_review_passes","test/visual_closure/goldens/visual_closure_progress_steps_month_phone.png","74588","f8ef611622a72f32ae63f38ef6e7653eb11493dd8d28562356aa48029e14fb84"
"4927","IMG_4927.PNG","3e7e48ca3dcfbaa15c42c9cca17825017bb57b32c1f8f87b8657affffefdc8ce","artifacts/release/visual_closure/reference/previews/IMG_4927.jpg","progress","en","light","progress chart, range or measurement state","/history","measurements, ranges and charts","implemented; reference-specific visual evidence missing","required refreshed production evidence against the reference family","pre-existing production flow retained; refreshed golden proves current implementation","lib/features/history/progress_page.dart","unmatched_until_human_or_pixel_review_passes","test/visual_closure/goldens/visual_closure_progress_range_picker_phone.png","26082","03694f8eecd97e3210877b508eb6be92c60d480c040ed26ab7177a6dd2499647"
"4928","IMG_4928.PNG","8977c9ac5d7747de790ba8176b7557c7b4b648bad66a001f9842bbe25e0f20f5","artifacts/release/visual_closure/reference/previews/IMG_4928.jpg","progress","en","light","progress chart, range or measurement state","/history","measurements, ranges and charts","implemented; reference-specific visual evidence missing","required refreshed production evidence against the reference family","pre-existing production flow retained; refreshed golden proves current implementation","lib/features/history/progress_page.dart","unmatched_until_human_or_pixel_review_passes","test/visual_closure/goldens/visual_closure_progress_metric_picker_phone.png","32105","72dd04dc0aa1694193dcaef3d1df5b6dd88f81e0d146fad101bbf453a05aa0f0"
"4929","IMG_4929.PNG","2c15053bc4da506de4eaf2ca3fd1c8e9142a5ea954df6c653c6acaa5bcd996f2","artifacts/release/visual_closure/reference/previews/IMG_4929.jpg","progress","en","light","progress chart, range or measurement state","/history","measurements, ranges and charts","implemented; reference-specific visual evidence missing","required refreshed production evidence against the reference family","pre-existing production flow retained; refreshed golden proves current implementation","lib/features/history/progress_page.dart","unmatched_until_human_or_pixel_review_passes","test/visual_closure/goldens/visual_closure_progress_metric_picker_lower_phone.png","30833","d254462e3ea3778bb5b1c28284ee99c5b53abd1dca6b14300be2b3b6e79ffaec"
"4930","IMG_4930.PNG","10bf913294058a5e3fd25ea1b315457622bb7667b6aac3a49a357ab600379d51","artifacts/release/visual_closure/reference/previews/IMG_4930.jpg","more","en","light","feature directory state","/settings","complete feature directory","implemented; reference-specific visual evidence missing","required refreshed production evidence against the reference family","pre-existing production flow retained; refreshed golden proves current implementation","lib/features/settings/settings_page.dart","unmatched_until_human_or_pixel_review_passes","test/visual_closure/goldens/visual_closure_more_phone.png","53725","aa0477567a002025ae8d1e64da36e0c4a3633e86ee3e1d1d00f0a0aa7c4dca53"
"4931","IMG_4931.PNG","57884615f0798087f998171667bef17f18f63739af8b30539362303f747de4c6","artifacts/release/visual_closure/reference/previews/IMG_4931.jpg","more","en","light","feature directory state","/settings","complete feature directory","implemented; reference-specific visual evidence missing","required refreshed production evidence against the reference family","pre-existing production flow retained; refreshed golden proves current implementation","lib/features/settings/settings_page.dart","unmatched_until_human_or_pixel_review_passes","test/visual_closure/goldens/visual_closure_more_lower_phone.png","33173","d6b2767fa44a127e5f68fb1a68ad604489813c7d94286c4e29b6ba8327c766f0"
"4932","IMG_4932.PNG","3991ad9b4978dad8ca7784e351ba050b1aaa1dcb84a4c9730881b14bee672d57","artifacts/release/visual_closure/reference/previews/IMG_4932.jpg","measurement progress","en","light","empty measurement progress state","/history","empty measurement state and add action","implemented; reference-specific visual evidence missing","required refreshed production evidence against the reference family","pre-existing production flow retained; refreshed golden proves current implementation","lib/features/history/progress_page.dart","unmatched_until_human_or_pixel_review_passes","test/visual_closure/goldens/visual_closure_progress_body_empty_phone.png","26383","8537503dc8b53c95dd61d65cbb5db9f3adc783c8f9d003d5c0d56dd28422b0e4"
"4933","IMG_4933.PNG","2d398692aaeaade4583f012d80cbf2512aaf8b99f67054449a515ce21c975115","artifacts/release/visual_closure/reference/previews/IMG_4933.jpg","fasting","en","light","fasting plan and timer state","/wellness/fasting","safe fasting education and timer","implemented; reference-specific visual evidence missing","required refreshed production evidence against the reference family","pre-existing production flow retained; refreshed golden proves current implementation","lib/features/wellness/presentation/fasting_timer_page.dart","unmatched_until_human_or_pixel_review_passes","test/visual_closure/goldens/visual_closure_fasting_phone.png","147915","939f356866f94528c2de0e10b177d747bd1befa844da0594453cd116d617d5e2"
"4934","IMG_4934.PNG","02f03657959e1dc3e4de00c8341fdd174c9527f0e3646bf006b3ee764c82383a","artifacts/release/visual_closure/reference/previews/IMG_4934.jpg","weekly report","en","light","weekly report summary, trend or chart state","/weekly-report","truthful seven-day report and empty charts","implemented and previously visually tested","required refreshed production evidence against the reference family","pre-existing production flow retained; refreshed golden proves current implementation","lib/features/analytics/weekly_report_page.dart","unmatched_until_human_or_pixel_review_passes","test/goldens/epic8_weekly_report_phone_ltr_light.png","152529","5347bc20b15df350bb7f47ef8748ad63ca88fb452700e648d95b06c6734b5ab5"
"4935","IMG_4935.PNG","74ab184fcbcad63c52e1098e0fcbb1b8b9fb674f654bebec211b018a94b44cc4","artifacts/release/visual_closure/reference/previews/IMG_4935.jpg","weekly report","en","light","weekly report summary, trend or chart state","/weekly-report","truthful seven-day report and empty charts","implemented and previously visually tested","required refreshed production evidence against the reference family","pre-existing production flow retained; refreshed golden proves current implementation","lib/features/analytics/weekly_report_page.dart","unmatched_until_human_or_pixel_review_passes","test/goldens/epic8_weekly_report_coverage_phone.png","129540","7a037d37efed6cd12e133f91196ebcf3cb9c430bff695482a2ae924f5abeb9a7"
"4936","IMG_4936.PNG","dab34de89356b241c97e0cd6914b02e9f78ccc8376779311576d54df7d4fa964","artifacts/release/visual_closure/reference/previews/IMG_4936.jpg","weekly report","en","light","weekly report summary, trend or chart state","/weekly-report","truthful seven-day report and empty charts","implemented and previously visually tested","required refreshed production evidence against the reference family","pre-existing production flow retained; refreshed golden proves current implementation","lib/features/analytics/weekly_report_page.dart","unmatched_until_human_or_pixel_review_passes","test/goldens/epic8_weekly_report_calories_anchor.png","41581","92fb4f3648d7784823b5e3c50b0e48061e417b9f6866548b86d6d3bf95c64368"
"4937","IMG_4937.PNG","39f1b3edf81496878a90d3eae047a4425607d00f0280f288feffb7558c3159ca","artifacts/release/visual_closure/reference/previews/IMG_4937.jpg","weekly report","en","light","weekly report summary, trend or chart state","/weekly-report","truthful seven-day report and empty charts","implemented and previously visually tested","required refreshed production evidence against the reference family","pre-existing production flow retained; refreshed golden proves current implementation","lib/features/analytics/weekly_report_page.dart","unmatched_until_human_or_pixel_review_passes","test/goldens/epic8_weekly_report_frequent_anchor.png","36930","06d0c73b0946a01f9a4ecd53a65cabefbe27f22a63de6e91a85dd4f6fdf1d27c"
"4938","IMG_4938.PNG","fcfac6d5d22b5a6a3a6122684627173a3c9976a450d38f506db533f86ad27f06","artifacts/release/visual_closure/reference/previews/IMG_4938.jpg","weekly report","en","light","weekly report summary, trend or chart state","/weekly-report","truthful seven-day report and empty charts","implemented and previously visually tested","required refreshed production evidence against the reference family","pre-existing production flow retained; refreshed golden proves current implementation","lib/features/analytics/weekly_report_page.dart","unmatched_until_human_or_pixel_review_passes","test/goldens/epic8_weekly_report_macros_anchor.png","40572","e35f6bfb090d04b52c385df31922419f78ebeff04d29b0ac9b8c24d9bdc04349"
"4939","IMG_4939.PNG","285a49e6290b62611a843ffc250ca30280e8c6f36c1a9bf5b72c935d533f3d65","artifacts/release/visual_closure/reference/previews/IMG_4939.jpg","weekly report","en","light","weekly report summary, trend or chart state","/weekly-report","truthful seven-day report and empty charts","implemented and previously visually tested","required refreshed production evidence against the reference family","pre-existing production flow retained; refreshed golden proves current implementation","lib/features/analytics/weekly_report_page.dart","unmatched_until_human_or_pixel_review_passes","test/goldens/epic8_weekly_report_exercise_anchor.png","40001","e240e940110590bf764634b4933c3f7b3914f5a90d85614cca3314af66a46c6c"
"4940","IMG_4940.PNG","cd7550c935556f5c555d0bfdec6069cd751f7aa7d270dc566b03ca53f25ed82a","artifacts/release/visual_closure/reference/previews/IMG_4940.jpg","weekly report","en","light","weekly report summary, trend or chart state","/weekly-report","truthful seven-day report and empty charts","implemented and previously visually tested","required refreshed production evidence against the reference family","pre-existing production flow retained; refreshed golden proves current implementation","lib/features/analytics/weekly_report_page.dart","unmatched_until_human_or_pixel_review_passes","test/goldens/epic8_weekly_report_alltime_anchor.png","34366","644285f74985893eff8202d879950c219334ca644849b385c86c85dca18e1700"
"4941","IMG_4941.PNG","87a415b8cf44469842b48127990823d4fd147224c3623a2d57576bae5ba16be6","artifacts/release/visual_closure/reference/previews/IMG_4941.jpg","nutrition analytics","en","light","calorie, macro or nutrient analytics state","/analytics/nutrition?tab=macros","calories, nutrients and macros","implemented; reference-specific visual evidence missing","required refreshed production evidence against the reference family","pre-existing production flow retained; refreshed golden proves current implementation","lib/features/analytics/nutrition_analytics_page.dart","unmatched_until_human_or_pixel_review_passes","test/visual_closure/goldens/visual_closure_nutrition_analytics_macros_phone.png","23228","eef07e9942ed4a33705df788bf4ea6fd256c32ad352e1e66153176bd289fa4c0"
"4942","IMG_4942.PNG","da464c6207da1b5a0f540877419f0061883b60dbff4bbeab1e02d8c79c4d0f9c","artifacts/release/visual_closure/reference/previews/IMG_4942.jpg","nutrition analytics","en","light","calorie, macro or nutrient analytics state","/analytics/nutrition?tab=nutrients","calories, nutrients and macros","implemented; reference-specific visual evidence missing","required refreshed production evidence against the reference family","pre-existing production flow retained; refreshed golden proves current implementation","lib/features/analytics/nutrition_analytics_page.dart","unmatched_until_human_or_pixel_review_passes","test/visual_closure/goldens/visual_closure_nutrition_analytics_nutrients_phone.png","26514","75ff9727f8ec11e7cf93513e9d2aa6073112a7acd7e4e2e7068239a6b645c2e4"
"4943","IMG_4943.PNG","844351e69205cf78962840e9aed35aad0cc7dd6621d5d483a883d5c13d31bdc6","artifacts/release/visual_closure/reference/previews/IMG_4943.jpg","nutrition analytics","en","light","calorie, macro or nutrient analytics state","/analytics/nutrition?tab=calories","calories, nutrients and macros","implemented; reference-specific visual evidence missing","required refreshed production evidence against the reference family","pre-existing production flow retained; refreshed golden proves current implementation","lib/features/analytics/nutrition_analytics_page.dart","unmatched_until_human_or_pixel_review_passes","test/visual_closure/goldens/visual_closure_nutrition_analytics_calories_phone.png","22207","58a605df251d421004c2c20b86972d84b98d0d736e16adea2ac1bcf39f099759"
"4944","IMG_4944.PNG","8a73b284b36a59240ccadf04dc8f203b616ff416546b4a58e0dbdd76b699d5d1","artifacts/release/visual_closure/reference/previews/IMG_4944.jpg","export","en","light","private data export state","/settings/local-export","private data export","implemented; reference-specific visual evidence missing","required refreshed production evidence against the reference family","pre-existing production flow retained; refreshed golden proves current implementation","lib/features/settings/local_export_range_page.dart","unmatched_until_human_or_pixel_review_passes","test/visual_closure/goldens/visual_closure_local_export_selected_day_phone.png","27594","5e2f264a090567f5639af7790f7667d373b01f8e5499cb18c1af2b5e8a212bcf"
"4945","IMG_4945.PNG","51f997e44579b414c180d6abbe77ce1b3dd2009676c82680720aadaa1761c360","artifacts/release/visual_closure/reference/previews/IMG_4945.jpg","saved food content","en","light","saved recipes, meals and foods state","/nutrition","recipes, meals and foods","implemented; reference-specific visual evidence missing","screen title and horizontal rhythm diverged from the mobile reference","production page refined; refreshed golden required","lib/features/nutrition/food_page.dart","unmatched_until_human_or_pixel_review_passes","test/visual_closure/goldens/visual_closure_saved_nutrition_recipes_phone.png","25237","19062b8b81fe22b9c988e8fa47507a58de03b6eb23807ba61bb7563b536ec11f"
"4946","IMG_4946.PNG","c6b4b73bb7fd3efcbba569a7ca298001bef87f2b3d20db9394676f83eae000e0","artifacts/release/visual_closure/reference/previews/IMG_4946.jpg","saved food content","en","light","saved recipes, meals and foods state","/nutrition","recipes, meals and foods","implemented; reference-specific visual evidence missing","screen title and horizontal rhythm diverged from the mobile reference","production page refined; refreshed golden required","lib/features/nutrition/food_page.dart","unmatched_until_human_or_pixel_review_passes","test/visual_closure/goldens/visual_closure_saved_nutrition_meals_phone.png","21100","d1cb1daa2b727fcbcd54842e85b6863283b1c06f6fb245bedef02fdb4130dc53"
"4947","IMG_4947.PNG","b21a7b078a3891bc926801fb53a3b924755fbb568f80fb4e693d28227bcd806b","artifacts/release/visual_closure/reference/previews/IMG_4947.jpg","saved food content","en","light","saved recipes, meals and foods state","/nutrition","recipes, meals and foods","implemented; reference-specific visual evidence missing","screen title and horizontal rhythm diverged from the mobile reference","production page refined; refreshed golden required","lib/features/nutrition/food_page.dart","unmatched_until_human_or_pixel_review_passes","test/visual_closure/goldens/visual_closure_saved_nutrition_my_foods_phone.png","29465","adac219d493256a21ad8c872eef762bfb15a0d0e62486efab2fe822fa8292017"
"4948","IMG_4948.PNG","57b31ab03af9c219eaa3d2fd6bd2711fd28ce4de93f503f9bd2bc9319f420833","artifacts/release/visual_closure/reference/previews/IMG_4948.jpg","reminders","en","light","reminder schedule state","/notification-settings","scheduled reminder settings","implemented; reference-specific visual evidence missing","required refreshed production evidence against the reference family","pre-existing production flow retained; refreshed golden proves current implementation","lib/features/notifications/presentation/notification_settings_page.dart","unmatched_until_human_or_pixel_review_passes","test/visual_closure/goldens/visual_closure_notification_settings_phone.png","53942","a2c6c719c2b229b4480703bd2474a18183823c8dbd742a7d6c60a74554d9a63a"
"4949","IMG_4949.PNG","06ee89f83e80aeaa3ca02c87bc577b32101c2b7ddf406cc3533112ae6d1bb6e2","artifacts/release/visual_closure/reference/previews/IMG_4949.jpg","community","en","light","community home, profile or navigation state","/community","community profile and navigation","implemented with truthful unavailable states; production capture missing","signed-out state lacked a mature actionable surface","production page refined; refreshed golden required","lib/features/community/presentation/community_hub_page.dart","limited_family_equivalent_independent_review_passed","test/visual_closure/goldens/visual_closure_community_hub_authenticated_phone.png","32234","83e0397794e51c9e8fafd09a235a96521b12aab9209fafcb2499c090ce83407b"
"4950","IMG_4950.PNG","1f70e3cbf50d6b71043aaa1c4b791d5e43d1a7bff9aa15100bb89e7b5fb3422e","artifacts/release/visual_closure/reference/previews/IMG_4950.jpg","community","en","light","community home, profile or navigation state","/community/profile","community profile and navigation","authenticated repository-backed Community profile captured","external web scroll layout is intentionally grouped to one BIL profile editor state","authenticated profile editor reviewed with guarded persistence tests","lib/features/community/presentation/community_profile_page.dart","limited_family_equivalent_independent_review_passed","test/visual_closure/goldens/visual_closure_community_profile_authenticated_phone.png","44906","5113dd4b336531f809cdb5884cfb011964c81179bc26d8f529e81f5868901c60"
"4951","IMG_4951.PNG","904ede221667c0830855f0899214e7b10239843db64728baa0152c17a4ea53aa","artifacts/release/visual_closure/reference/previews/IMG_4951.jpg","community","en","light","community home, profile or navigation state","/community","community profile and navigation","authenticated Community navigation menu captured","BIL uses an in-app action menu rather than the reference web drawer","production navigation menu and route dispatch reviewed","lib/features/community/presentation/community_hub_page.dart","limited_family_equivalent_independent_review_passed","test/visual_closure/goldens/visual_closure_community_navigation_menu_authenticated_phone.png","37185","f21c4ae35ac5c31cd91d1af924e2b05aa0dcf4eccd35605036b361f4edb10eff"
"4952","IMG_4952.PNG","009f7bb87f1e762490547c75b2a5d02572c18a8a16e5a5c54ad4b151fa4feee1","artifacts/release/visual_closure/reference/previews/IMG_4952.jpg","community navigation","en","light","community home, profile or navigation state","/community","community routes and profile","authenticated repository-backed Community family state captured","external web profile layout is intentionally represented by BIL authenticated Community family evidence","authenticated hub and profile evidence reviewed with cloud data paths verified","lib/features/community/presentation/community_hub_page.dart","limited_family_equivalent_independent_review_passed","test/visual_closure/goldens/visual_closure_community_hub_authenticated_phone.png","32234","83e0397794e51c9e8fafd09a235a96521b12aab9209fafcb2499c090ce83407b"
"4953","IMG_4953.PNG","ca3ee8ac71ad24d8719f823896d89082c79931756efc1726f8257ed623fc95ac","artifacts/release/visual_closure/reference/previews/IMG_4953.jpg","community navigation","en","light","community home, profile or navigation state","/community/profile","community routes and profile","authenticated repository-backed Community profile captured","external web scroll layout is intentionally grouped to one BIL profile editor state","authenticated profile editor reviewed with guarded persistence tests","lib/features/community/presentation/community_profile_page.dart","limited_family_equivalent_independent_review_passed","test/visual_closure/goldens/visual_closure_community_profile_authenticated_phone.png","44906","5113dd4b336531f809cdb5884cfb011964c81179bc26d8f529e81f5868901c60"
"4954","IMG_4954.PNG","8c0a55ef19d0364da18e92898ec02dbf743ea464fa0535bb11a0c7a6f9d38244","artifacts/release/visual_closure/reference/previews/IMG_4954.jpg","learn","en","light","education library category or article state","/wellness/learn","trusted education, recipes and tools","implemented; reference-specific visual evidence missing","required refreshed production evidence against the reference family","pre-existing production flow retained; refreshed golden proves current implementation","lib/features/wellness/presentation/wellness_learn_page.dart","unmatched_until_human_or_pixel_review_passes","test/visual_closure/goldens/visual_closure_wellness_learn_phone.png","241363","b3e5745165c6fec01dd844354db250f3dbae59f8468349f0c018cc802d1b0b59"
"4955","IMG_4955.PNG","39840a0aa17467b688519b370aa2e5cac04acd486876d0c5340db05391ba6f0b","artifacts/release/visual_closure/reference/previews/IMG_4955.jpg","learn","en","light","education library category or article state","/wellness/learn","trusted education, recipes and tools","implemented; reference-specific visual evidence missing","required refreshed production evidence against the reference family","pre-existing production flow retained; refreshed golden proves current implementation","lib/features/wellness/presentation/wellness_learn_page.dart","unmatched_until_human_or_pixel_review_passes","test/visual_closure/goldens/visual_closure_wellness_learn_nutrition_phone.png","67617","08efb9342f851b9a6c9e92c48b18130a6386db4a4efd8524fadc23c540ce6864"
"4956","IMG_4956.PNG","073341dc54d9d8a5e9f4e9d5503efbbb2a09ea6f86f7f3224d81fd986eedc2cb","artifacts/release/visual_closure/reference/previews/IMG_4956.jpg","learn","en","light","education library category or article state","/wellness/learn","trusted education, recipes and tools","implemented; reference-specific visual evidence missing","required refreshed production evidence against the reference family","pre-existing production flow retained; refreshed golden proves current implementation","lib/features/wellness/presentation/wellness_learn_page.dart","unmatched_until_human_or_pixel_review_passes","test/visual_closure/goldens/visual_closure_wellness_learn_sleep_phone.png","61758","fe3f61e9385ebc35270b96cbacc1e06218b3bf2477c186853ef9b3232540ce03"
"4957","IMG_4957.PNG","a9207d519de2325d6374f821fc2012f037b2e4d327975de444ce844164e2984c","artifacts/release/visual_closure/reference/previews/IMG_4957.jpg","learn","en","light","education library category or article state","/wellness/learn","trusted education, recipes and tools","implemented; reference-specific visual evidence missing","required refreshed production evidence against the reference family","pre-existing production flow retained; refreshed golden proves current implementation","lib/features/wellness/presentation/wellness_learn_page.dart","unmatched_until_human_or_pixel_review_passes","test/visual_closure/goldens/visual_closure_wellness_learn_movement_phone.png","67251","f7d1cdacebaa8492c696aa24a6ae82e9040dcc807aea222379d803c0243ccbd3"
"4958","IMG_4958.PNG","6d4801da17c7cafc98fb80afc452f24122beb2a5510f8c91165a32542814af66","artifacts/release/visual_closure/reference/previews/IMG_4958.jpg","learn","en","light","education library category or article state","/wellness/learn","trusted education, recipes and tools","implemented; reference-specific visual evidence missing","required refreshed production evidence against the reference family","pre-existing production flow retained; refreshed golden proves current implementation","lib/features/wellness/presentation/wellness_learn_page.dart","unmatched_until_human_or_pixel_review_passes","test/visual_closure/goldens/visual_closure_wellness_learn_privacy_phone.png","61284","18b4595bee0966581ef5498a2d0895e6577949edd5bdffcedd2566a500f115a2"
"4959","IMG_4959.PNG","28eaf7932eb6d554150c1ed5484429f84f83594b523d1ab00ec35fcf5a30742c","artifacts/release/visual_closure/reference/previews/IMG_4959.jpg","learn","en","light","education library category or article state","/wellness/learn","trusted education, recipes and tools","implemented; reference-specific visual evidence missing","required refreshed production evidence against the reference family","pre-existing production flow retained; refreshed golden proves current implementation","lib/features/wellness/presentation/wellness_learn_page.dart","unmatched_until_human_or_pixel_review_passes","test/visual_closure/goldens/visual_closure_wellness_learn_search_phone.png","60488","9a470ff08e251e9f9c83a86eef418e097750945f5ac9e07603f36bd47c5ccb9f"
"4960","IMG_4960.PNG","17b4281e4b04b83cb1bfddbb5e48240aa3a837c1a10de583d7e0e63b9ce9338b","artifacts/release/visual_closure/reference/previews/IMG_4960.jpg","learn","en","light","education library category or article state","/wellness/learn","trusted education, recipes and tools","implemented; reference-specific visual evidence missing","required refreshed production evidence against the reference family","pre-existing production flow retained; refreshed golden proves current implementation","lib/features/wellness/presentation/wellness_learn_page.dart","family_equivalent_distinct_article_state","test/visual_closure/goldens/visual_closure_wellness_learn_article_sleep_phone.png","91082","37d6c8de66320249c8557b4aa5bc23279ffe411885e5f206bb95fd4731872ca0"
"4961","IMG_4961.PNG","2214325a3ee1a091cbdae54e38c6a6d84845034f6a663797085f719094c2bc9b","artifacts/release/visual_closure/reference/previews/IMG_4961.jpg","learn","en","light","education library category or article state","/wellness/learn","trusted education, recipes and tools","implemented; reference-specific visual evidence missing","required refreshed production evidence against the reference family","pre-existing production flow retained; refreshed golden proves current implementation","lib/features/wellness/presentation/wellness_learn_page.dart","family_equivalent_distinct_article_state","test/visual_closure/goldens/visual_closure_wellness_learn_article_movement_phone.png","116536","70fd4cc941412b429f70b2087be88573e233a8b85e4cbd3780153343e9ff8f2d"
"4962","IMG_4962.PNG","e040d139914f9531f8c882c8d42fefb72fea8be0833413cf3fbf382a3456b297","artifacts/release/visual_closure/reference/previews/IMG_4962.jpg","learn","en","light","education library category or article state","/wellness/learn","trusted education, recipes and tools","implemented; reference-specific visual evidence missing","required refreshed production evidence against the reference family","pre-existing production flow retained; refreshed golden proves current implementation","lib/features/wellness/presentation/wellness_learn_page.dart","family_equivalent_distinct_article_state","test/visual_closure/goldens/visual_closure_wellness_learn_article_privacy_phone.png","70210","2fc64f29f5e1e93664b8ece2413c311f0c0d1d852e5a7c847a1cbfde9982b34b"
"4963","IMG_4963.PNG","335ee5618129eb3fd16db5ee85732f39981b5073361e64c9f17c917f7429f20f","artifacts/release/visual_closure/reference/previews/IMG_4963.jpg","learn","en","light","education library category or article state","/wellness/learn","trusted education, recipes and tools","implemented; reference-specific visual evidence missing","required refreshed production evidence against the reference family","pre-existing production flow retained; refreshed golden proves current implementation","lib/features/wellness/presentation/wellness_learn_page.dart","family_equivalent_distinct_article_state","test/visual_closure/goldens/visual_closure_wellness_learn_article_nutrition_phone.png","81916","5095c3477db57f3e3e6b952dea63b00b0a06ac2fc36fdaaeb7eaae884526fb18"
"4964","IMG_4964.PNG","61c696ca118e2352911feef653abc994f28cdd0b3b16a5c4b4b1da8b3bcd7136","artifacts/release/visual_closure/reference/previews/IMG_4964.jpg","learn","en","light","education library category or article state","/wellness/learn","trusted education, recipes and tools","implemented; reference-specific visual evidence missing","required refreshed production evidence against the reference family","pre-existing production flow retained; refreshed golden proves current implementation","lib/features/wellness/presentation/wellness_learn_page.dart","family_equivalent_distinct_topic_state","test/visual_closure/goldens/visual_closure_wellness_learn_nutrition_phone.png","67617","08efb9342f851b9a6c9e92c48b18130a6386db4a4efd8524fadc23c540ce6864"
"4965","IMG_4965.PNG","680839a29c56a261c02558e1359d70d60238a23c0faf2e41f8a10c6459ab6f6c","artifacts/release/visual_closure/reference/previews/IMG_4965.jpg","learn","en","light","education library category or article state","/wellness/learn","trusted education, recipes and tools","implemented; reference-specific visual evidence missing","required refreshed production evidence against the reference family","pre-existing production flow retained; refreshed golden proves current implementation","lib/features/wellness/presentation/wellness_learn_page.dart","family_equivalent_distinct_topic_state","test/visual_closure/goldens/visual_closure_wellness_learn_movement_phone.png","67251","f7d1cdacebaa8492c696aa24a6ae82e9040dcc807aea222379d803c0243ccbd3"
"4966","IMG_4966.PNG","c20439c65c5658385c862d9fc2510eca084272c5d078fa2154451befaea404c2","artifacts/release/visual_closure/reference/previews/IMG_4966.jpg","learn","en","light","education topic state","/wellness/learn","original BIL education topics and article navigation","implemented with original educational content","reference long-scroll section represented by a distinct BIL topic state","selected topic state and matching content captured as family-equivalent evidence","lib/features/wellness/presentation/wellness_learn_page.dart","family_equivalent_distinct_topic_state","test/visual_closure/goldens/visual_closure_wellness_learn_sleep_phone.png","61758","fe3f61e9385ebc35270b96cbacc1e06218b3bf2477c186853ef9b3232540ce03"
"4967","IMG_4967.PNG","dcf4e4021d86d49b46e3546e4bd9a63d01243d80328e6cb83975487a3c3c2186","artifacts/release/visual_closure/reference/previews/IMG_4967.jpg","friends","en","light","message inbox, chat or sent state","/community/connections","message inbox and sent states","implemented with truthful unavailable states; production capture missing","signed-out state lacked a mature actionable surface","production page refined; refreshed golden required","lib/features/community/presentation/community_connections_page.dart","direct_limited_equivalence_accepted","test/visual_closure/goldens/visual_closure_community_friend_authenticated_phone.png","19614","e529b0993396f89028b9d5d85ef983d6773b08c97e68f73f5f4aec4d44f9c015"
"4968","IMG_4968.PNG","16df48b1028cf85d942a404f9c4c574a4f58408285d931a0fa07e67c66f86ad3","artifacts/release/visual_closure/reference/previews/IMG_4968.jpg","messages","en","light","message inbox, chat or sent state","/community/messages","message inbox and sent states","implemented with truthful unavailable states; production capture missing","signed-out state lacked a mature actionable surface","production page refined; refreshed golden required","lib/features/community/presentation/community_messages_page.dart","direct_limited_equivalence_accepted","test/visual_closure/goldens/visual_closure_community_inbox_authenticated_phone.png","13488","b1e2939a0c390013a7be00e53918129fd650533dddf25cfbb0bce679597b677a"
"4969","IMG_4969.PNG","86250a03e024e820da71464d38d9e6fc0f87247eb4383a0a0a64cddb91109775","artifacts/release/visual_closure/reference/previews/IMG_4969.jpg","messages","en","light","settings, account, units or diary preference state","/community/messages","profile, appearance, diary and privacy settings","implemented; reference-specific visual evidence missing","required refreshed production evidence against the reference family","pre-existing production flow retained; refreshed golden proves current implementation","lib/features/community/presentation/community_messages_page.dart","direct_limited_equivalence_accepted","test/visual_closure/goldens/visual_closure_community_sent_authenticated_phone.png","12888","605dacbf94298b4201dddb38dc0955bf9c126100045750bd4683c523d79368b3"
"4970","IMG_4970.PNG","d98cd1915516371c83ccc0a45e3376ae27666c0e2801ab967d6f47adfa8fcc33","artifacts/release/visual_closure/reference/previews/IMG_4970.jpg","settings","en","light","settings, account, units or diary preference state","/settings","profile, appearance, diary and privacy settings","implemented; reference-specific visual evidence missing","required refreshed production evidence against the reference family","pre-existing production flow retained; refreshed golden proves current implementation","lib/features/settings/reference_settings_home_page.dart","unmatched_until_human_or_pixel_review_passes","test/visual_closure/goldens/visual_closure_settings_phone.png","55479","27d00069f3760db01ff5c5f1eea0c7fbdb83e96ab9d199de4113a612a0a9a4d8"
"4971","IMG_4971.PNG","fe9e458b36f147da009c160bd285e5632dbdbb57d29832341d3a60fbe9b4e383","artifacts/release/visual_closure/reference/previews/IMG_4971.jpg","profile","en","light","settings, account, units or diary preference state","/profile-settings","profile, appearance, diary and privacy settings","implemented; reference-specific visual evidence missing","required refreshed production evidence against the reference family","pre-existing production flow retained; refreshed golden proves current implementation","lib/features/profile/premium_profile_page.dart","unmatched_until_human_or_pixel_review_passes","test/visual_closure/goldens/visual_closure_profile_phone.png","39225","935e70219905e694fcea9a533b425ec6db459519397957cbf802b86e502a6907"
"4972","IMG_4972.PNG","de9da32eedf01f6a6fea1f483753b2528766bf14015c37fd38ce256375faaa05","artifacts/release/visual_closure/reference/previews/IMG_4972.jpg","appearance","en","light","settings, account, units or diary preference state","/settings/appearance","profile, appearance, diary and privacy settings","implemented; reference-specific visual evidence missing","required refreshed production evidence against the reference family","pre-existing production flow retained; refreshed golden proves current implementation","lib/features/settings/reference_preferences_pages.dart","unmatched_until_human_or_pixel_review_passes","test/visual_closure/goldens/visual_closure_appearance_phone.png","13510","63bf44ade3a634b6a370ec947b9adf42e302379e68edd26f74c2fcb5ffffa2ca"
"4973","IMG_4973.PNG","f13b87c47b647bb28015143a7e80edd85cb409dffbb60ffa535ffdd891a43dfc","artifacts/release/visual_closure/reference/previews/IMG_4973.jpg","diary settings","en","light","settings, account, units or diary preference state","/settings/diary","profile, appearance, diary and privacy settings","implemented; reference-specific visual evidence missing","required refreshed production evidence against the reference family","pre-existing production flow retained; refreshed golden proves current implementation","lib/features/settings/reference_preferences_pages.dart","unmatched_until_human_or_pixel_review_passes","test/visual_closure/goldens/visual_closure_diary_settings_phone.png","45429","1d797b9a812e38b7f095ed7609cf7493413e319b73969f80f933236c197f92fa"
"4974","IMG_4974.PNG","a3a4a837153f915d0297755131f478f301e0631429fb0cd474b729c73604f40c","artifacts/release/visual_closure/reference/previews/IMG_4974.jpg","default search tab","en","light","settings, account, units or diary preference state","/settings/diary/search-tab","profile, appearance, diary and privacy settings","implemented; reference-specific visual evidence missing","required refreshed production evidence against the reference family","pre-existing production flow retained; refreshed golden proves current implementation","lib/features/settings/reference_preferences_pages.dart","unmatched_until_human_or_pixel_review_passes","test/visual_closure/goldens/visual_closure_default_search_tab_phone.png","9461","5190ed2228edea49883d67ff2d6ce7bbd0ea09b7112844c6499d2a5c9a9a21f4"
"4975","IMG_4975.PNG","e870c1dea8d9e64b4df2ee7b6246ccd63b0d8a870f12ee6600d58f52e46035eb","artifacts/release/visual_closure/reference/previews/IMG_4975.jpg","diary sharing","en","light","settings, account, units or diary preference state","/settings/diary/sharing","profile, appearance, diary and privacy settings","implemented; reference-specific visual evidence missing","required refreshed production evidence against the reference family","pre-existing production flow retained; refreshed golden proves current implementation","lib/features/settings/reference_preferences_pages.dart","unmatched_until_human_or_pixel_review_passes","test/visual_closure/goldens/visual_closure_diary_sharing_phone.png","19046","6b9105c0bbc322357eaee6e59ef78fbcb3cfa0869fc1958d2532a08ffdd9bd7f"
"4976","IMG_4976.PNG","68172d47ced8bf537cf4cfb4b31300c21ec9ca27172f8e0eecbbcf6afc9d1310","artifacts/release/visual_closure/reference/previews/IMG_4976.jpg","meal names","en","light","settings, account, units or diary preference state","/settings/diary/meal-names","profile, appearance, diary and privacy settings","implemented; reference-specific visual evidence missing","required refreshed production evidence against the reference family","pre-existing production flow retained; refreshed golden proves current implementation","lib/features/settings/reference_preferences_pages.dart","unmatched_until_human_or_pixel_review_passes","test/visual_closure/goldens/visual_closure_meal_names_phone.png","24072","b28f4e2cd6c911b6c158847bf6df35e0ce771fd8681a45bad3d1d2bc7cc450df"
"4977","IMG_4977.PNG","89830c039318ab376c05259be125e3fe9c308eaf6e06a5d1d145127d033ed2d8","artifacts/release/visual_closure/reference/previews/IMG_4977.jpg","custom dashboard","en","light","settings, account, units or diary preference state","/dashboard/preferences","profile, appearance, diary and privacy settings","implemented; reference-specific visual evidence missing","required refreshed production evidence against the reference family","pre-existing production flow retained; refreshed golden proves current implementation","lib/features/dashboard/presentation/dashboard_preferences_page.dart","unmatched_until_human_or_pixel_review_passes","test/visual_closure/goldens/visual_closure_dashboard_preferences_phone.png","48270","14c3aa316d3de75e0b0c016f0d07177a0649f18debce54c4a0905127d4142864"
"4978","IMG_4978.PNG","d3f818443d077e3036ca04bf0fa5487e5d80e22b9d45fe7ad03c08796f39d2b6","artifacts/release/visual_closure/reference/previews/IMG_4978.jpg","legal","en","light","terms or privacy policy state","/legal/terms","terms and privacy","implemented; reference-specific visual evidence missing","required refreshed production evidence against the reference family","pre-existing production flow retained; refreshed golden proves current implementation","lib/features/settings/legal_document_page.dart","family_equivalent_embedded_legal_document","test/visual_closure/goldens/visual_closure_terms_phone.png","72767","e728dc09ed3e632d49272124790ea57d140e1609525832b0958d04a88abec29e"
"4979","IMG_4979.PNG","5273c705ab1b89555fc26e7cda055052640d1f7adae8075208c18cdd47c17692","artifacts/release/visual_closure/reference/previews/IMG_4979.jpg","legal","en","light","terms or privacy policy state","/legal/privacy","terms and privacy","implemented; reference-specific visual evidence missing","required refreshed production evidence against the reference family","pre-existing production flow retained; refreshed golden proves current implementation","lib/features/settings/legal_document_page.dart","family_equivalent_embedded_legal_document","test/visual_closure/goldens/visual_closure_privacy_policy_phone.png","79023","f47ce0e77978145a8b0b844436a09d17907d31a3a5d2287cc639cbdc566fb4b8"
"4980","IMG_4980.PNG","cdbee1ef56f1af7439407d186bcf36597d95cdd7a0228e3b4662a39a16015738","artifacts/release/visual_closure/reference/previews/IMG_4980.jpg","privacy consent","en","light","optional technology consent state","/advertising-privacy","optional technology consent","implemented; reference-specific visual evidence missing","required refreshed production evidence against the reference family","pre-existing production flow retained; refreshed golden proves current implementation","lib/features/ads/advertising_privacy_page.dart","family_equivalent_fail_closed_advertising_state","test/visual_closure/goldens/visual_closure_advertising_privacy_phone.png","41900","d28fe902db7c3d6bbe10356d561f98c7d1211e2bf06f85c9a423e8c96c14d7ec"
"4981","IMG_4981.PNG","f7ee9a311ea589cd1a2afd5fc2174bb4b21e066b143823c01964afcb338fa079","artifacts/release/visual_closure/reference/previews/IMG_4981.jpg","sharing and privacy","en","light","sharing and privacy hub","/settings/sharing-privacy","private diary routing and fail-closed community privacy","implemented; reference-specific visual evidence missing","content margins diverged from the canonical phone rhythm","production page refined; refreshed golden required","lib/features/settings/sharing_privacy_settings_page.dart","family_equivalent_review_passed","test/visual_closure/goldens/visual_closure_sharing_privacy_phone.png","42004","f564486f1eaa0f7551b2247da639ce228393a324d93db73db6eee65a00db6c49"
"4982","IMG_4982.PNG","5fb6312792d33be01f51dff096f33e9de3a6dd78dbb62ead369a4ed9cab339e7","artifacts/release/visual_closure/reference/previews/IMG_4982.jpg","diary sharing","en","light","private diary sharing with unavailable cloud modes","/settings/diary/sharing","truthful private-only diary sharing","implemented; reference-specific visual evidence missing","content margins diverged from the canonical phone rhythm","production page refined; refreshed golden required","lib/features/settings/reference_preferences_pages.dart","family_equivalent_review_passed","test/visual_closure/goldens/visual_closure_diary_sharing_phone.png","19046","6b9105c0bbc322357eaee6e59ef78fbcb3cfa0869fc1958d2532a08ffdd9bd7f"
"4983","IMG_4983.PNG","99c21f0b35a7b27211e3713999eb445a361392a819e99d72783b9732b0642cf4","artifacts/release/visual_closure/reference/previews/IMG_4983.jpg","email settings","en","light","email preferences top unavailable state","/settings/email","fail-closed email delivery preferences","implemented; reference-specific visual evidence missing","content margins diverged from the canonical phone rhythm","production page refined; refreshed golden required","lib/features/settings/reference_preferences_pages.dart","family_equivalent_review_passed","test/visual_closure/goldens/visual_closure_email_settings_phone.png","55142","cac03e718c1cec56c71ef02ba6648af7dea2fbe1c0b00b18cace9e87e1da3b17"
"4984","IMG_4984.PNG","26fbe890d369c88fec761e46c8490f79bf34d2f180a883e47d5741e6b9764e06","artifacts/release/visual_closure/reference/previews/IMG_4984.jpg","email settings","en","light","email preferences lower unavailable state","/settings/email","fail-closed email delivery preferences","implemented; reference-specific visual evidence missing","content margins diverged from the canonical phone rhythm","production page refined; refreshed golden required","lib/features/settings/reference_preferences_pages.dart","family_equivalent_review_passed","test/visual_closure/goldens/visual_closure_email_settings_lower_phone.png","54788","ba9bdd49eca2fe9526381a2a4e5952db272e92c701c5740824cf80f6b397dd09"
"4985","IMG_4985.PNG","e159ada36acacf99247b5e566e6a475f5e45c52970c0b63fddb0828c3eda10e9","artifacts/release/visual_closure/reference/previews/IMG_4985.jpg","Facebook settings","en","light","account linking unavailable","/settings/account-connections/facebook","fail-closed Facebook account linking","implemented; reference-specific visual evidence missing","content margins diverged from the canonical phone rhythm","production page refined; refreshed golden required","lib/features/settings/account_connection_settings_page.dart","family_equivalent_review_passed","test/visual_closure/goldens/visual_closure_facebook_settings_phone.png","19207","aa492b1dddd0b4adb64901e2edad57e83c6c631bbb12663f41cb69aca3008031"
"4986","IMG_4986.PNG","e4e403b0246b7408e98010ead406c50870d42f7fc3ecabe6d9f1c27cd308a143","artifacts/release/visual_closure/reference/previews/IMG_4986.jpg","Google settings","en","light","account linking unavailable","/settings/account-connections/google","fail-closed Google account linking","implemented; reference-specific visual evidence missing","content margins diverged from the canonical phone rhythm","production page refined; refreshed golden required","lib/features/settings/account_connection_settings_page.dart","family_equivalent_review_passed","test/visual_closure/goldens/visual_closure_google_settings_phone.png","19485","778f220b7b40efa3dbe70d4a71b2593ee9f2d5c3a5d60357067b7912ad37f8ea"
"4987","IMG_4987.PNG","940938fd13de0d1d85d429d0c1b9d8d0fd1dd6892df8ea9c8a377a787af9e976","artifacts/release/visual_closure/reference/previews/IMG_4987.jpg","change password","en","light","validated account password update","/settings/account-password","authenticated password update with fail-closed validation","implemented; reference-specific visual evidence missing","content margins diverged from the canonical phone rhythm","production page refined; refreshed golden required","lib/features/settings/account_password_page.dart","family_equivalent_review_passed","test/visual_closure/goldens/visual_closure_account_password_phone.png","20094","051acc199c940cbfc7e50b15cdddcab6c07cc0f12b3110c01d341f7eef660ff6"
"4988","IMG_4988.PNG","67229dcad4f1433efade45c27b98283d9bafa2b2fb1da95aaa15ddbab13f77de","artifacts/release/visual_closure/reference/previews/IMG_4988.jpg","privacy and health access","en","light","native health data permission state","/connected-health","platform health read/write permission selection","implemented; reference-specific visual evidence missing","content margins diverged from the canonical phone rhythm","production page refined; refreshed golden required","lib/features/connected_health/connected_health_page.dart","unmatched_until_human_or_pixel_review_passes","test/goldens/epic15_iphone_69_ar_06_connected_health.png","98023","451106191b9fa3923dd23e61fd1612a8c4d77328d1a01e7b88950a2b2aaa2e2c"
"4989","IMG_4989.PNG","f852f3532fbbfc9e684acb779817c87d3fb2b9aa4e576d6b09ee174ab1be06f8","artifacts/release/visual_closure/reference/previews/IMG_4989.jpg","privacy and health access","en","light","native health data permission state","/connected-health","platform health read/write permission selection","implemented; reference-specific visual evidence missing","content margins diverged from the canonical phone rhythm","production page refined; refreshed golden required","lib/features/connected_health/connected_health_page.dart","unmatched_until_human_or_pixel_review_passes","test/goldens/epic15_iphone_69_en_05_connected_health.png","89271","b21e631d980ec9cb6c9b519935c5226c892d4330f26c3292721aefbb8a3cfc98"
"4990","IMG_4990.PNG","48b38c3a0662a50cf9c3db162ec564efdd3d78f49ffd4546495bffe6b9e6a018","artifacts/release/visual_closure/reference/previews/IMG_4990.jpg","privacy and health access","en","light","native health data permission state","/connected-health","platform health read/write permission selection","implemented; reference-specific visual evidence missing","content margins diverged from the canonical phone rhythm","production page refined; refreshed golden required","lib/features/connected_health/connected_health_page.dart","unmatched_until_human_or_pixel_review_passes","test/goldens/epic15_iphone_69_ar_08_privacy_settings_dark.png","64693","1c3f2c282d139580ca9adaedfdd07db634ee2c860b42a365e997aab5ee11795d"
"4991","IMG_4991.PNG","200c3d69a17b800c64a735e6567d7a42a011ba9f420cb8335d1472a784b43c58","artifacts/release/visual_closure/reference/previews/IMG_4991.jpg","privacy and health access","en","light","native health data permission state","/connected-health","platform health read/write permission selection","implemented; reference-specific visual evidence missing","content margins diverged from the canonical phone rhythm","production page refined; refreshed golden required","lib/features/connected_health/connected_health_page.dart","unmatched_until_human_or_pixel_review_passes","test/goldens/epic15_android_phone_ar_06_connected_health.png","69850","1a2efb2437722656c4e2be897b8bbe5d3f403784f1fd01633c90b39729164b97"
"4992","IMG_4992.PNG","8ba4b088470857d193bea42ca7de154ed482fa689446384eb47ee01e8acf09c3","artifacts/release/visual_closure/reference/previews/IMG_4992.jpg","help","en","light","help, troubleshooting, feedback or account-deletion state","/help","help, feedback, troubleshooting and deletion","implemented; reference-specific visual evidence missing","required refreshed production evidence against the reference family","pre-existing production flow retained; refreshed golden proves current implementation","lib/features/settings/help_center_page.dart","approved_visual_equivalence","test/visual_closure/goldens/visual_closure_help_center_phone.png","24617","480b856122af1a03600bd5c2ad41db6414f82fcf1a35571e13b02af6f04b556e"
"4993","IMG_4993.PNG","ce79443050a3a6c146f2b66e171323095cec1b87500453dd4164fdb5a103e167","artifacts/release/visual_closure/reference/previews/IMG_4993.jpg","help","en","light","help, troubleshooting, feedback or account-deletion state","/help/faq","help, feedback, troubleshooting and deletion","implemented; reference-specific visual evidence missing","required refreshed production evidence against the reference family","pre-existing production flow retained; refreshed golden proves current implementation","lib/features/settings/help_center_page.dart","approved_visual_equivalence","test/visual_closure/goldens/visual_closure_help_faq_targets_phone.png","22740","a19e4a432887693c5f25941d9ecf5e01dbe83978d389048d63fe3e3044b3b4b3"
"4994","IMG_4994.PNG","ee8ff9b44250159b3da62c7ef1dc8076127f72b759112096be9d9261dfdc1db8","artifacts/release/visual_closure/reference/previews/IMG_4994.jpg","help","en","light","help, troubleshooting, feedback or account-deletion state","/help/faq","help, feedback, troubleshooting and deletion","implemented; reference-specific visual evidence missing","required refreshed production evidence against the reference family","pre-existing production flow retained; refreshed golden proves current implementation","lib/features/settings/help_center_page.dart","approved_visual_equivalence","test/visual_closure/goldens/visual_closure_help_faq_offline_phone.png","23517","ef8fd4c84c12d796678de3bb14c326ca7e47f01180f2935152c0da0603e99ccd"
"4995","IMG_4995.PNG","6f538de46bd3d41c7d94029335486fae8fc47bbb48e782f392b8c7cb25f70ea6","artifacts/release/visual_closure/reference/previews/IMG_4995.jpg","help","en","light","help, troubleshooting, feedback or account-deletion state","/help/faq","help, feedback, troubleshooting and deletion","implemented; reference-specific visual evidence missing","required refreshed production evidence against the reference family","pre-existing production flow retained; refreshed golden proves current implementation","lib/features/settings/help_center_page.dart","approved_visual_equivalence","test/visual_closure/goldens/visual_closure_help_faq_medical_phone.png","22850","68683a0df6a97fe3302ad1bbf6805a12496deaedef53416804bd1ced26a67d17"
"4996","IMG_4996.PNG","2fb1a4fe8d2aef3baaeb66092f92d254474b594bc996d0c6bc7ed6b785393dcd","artifacts/release/visual_closure/reference/previews/IMG_4996.jpg","help","en","light","help, troubleshooting, feedback or account-deletion state","/help","help, feedback, troubleshooting and deletion","implemented; reference-specific visual evidence missing","required refreshed production evidence against the reference family","pre-existing production flow retained; refreshed golden proves current implementation","lib/features/settings/help_center_page.dart","approved_visual_equivalence","test/visual_closure/goldens/visual_closure_help_troubleshooting_phone.png","28498","64628bdeb25532cc514eb12061fd67596fe880cac76adbb6b74fa152c0fcb226"
"4997","IMG_4997.PNG","c48ea9cb1aee19b7f96e793f79e32edb3f9213ddd1aed26ad76b42922cc953c1","artifacts/release/visual_closure/reference/previews/IMG_4997.jpg","help","en","light","help, troubleshooting, feedback or account-deletion state","/help","help, feedback, troubleshooting and deletion","implemented; reference-specific visual evidence missing","required refreshed production evidence against the reference family","pre-existing production flow retained; refreshed golden proves current implementation","lib/features/settings/help_center_page.dart","approved_visual_equivalence","test/visual_closure/goldens/visual_closure_help_service_status_phone.png","30168","5035f906ad2174b2d0ab5c8bf1c23480bc94213ef84fe9e3d4b1719a40835b80"
